Workbook

Sheet PerPM
I4: 1 | J4: =I4+1 -> 2 | K4: =J4+1 -> 3 | L4: =K4+1 -> 4 | M4: =L4+1 -> 5 | N4: =M4+1 -> 6 | O4: =N4+1 -> 7 | P4: =O4+1 -> 8 | Q4: =P4+1 -> 9 | ... BI4: =BH4+1 -> 53
B5: SEGMEN | C5: KET | D5: % | F5: Periode | G5: FY | H5: YTD | I5: Week-01 | J5: Week-02 | K5: Week-03 | L5: Week-04 | M5: Week-05 | N5: Week-06 | O5: Week-07 | P5: Week-08 | Q5: Week-09 | R5: Week-10 | S5: Week-11 | T5: Week-12 | U5: Week-13 | V5: Week-14 | W5: Week-15 | X5: Week-16 | Y5: Week-17 | Z5: Week-18 | AA5: Week-19 | AB5: Week-20 | AC5: Week-21 | AD5: Week-22 | AE5: Week-23 | AF5: Week-24 | AG5: Week-25 | AH5: Week-26 | AI5: Week-27 | AJ5: Week-28 | AK5: Week-29 | AL5: Week-30 | AM5: Week-31 | AN5: Week-32 | AO5: Week-33 | AP5: Week-34 | AQ5: Week-35 | AR5: Week-36 | AS5: Week-37 | AT5: Week-38 | AU5: Week-39 | AV5: Week-40 | AW5: Week-41 | AX5: Week-42 | AY5: Week-43 | AZ5: Week-44 | BA5: Week-45 | BB5: Week-46 | BC5: Week-47 | BD5: Week-48 | BE5: Week-49 | BF5: Week-50 | BG5: Week-51 | BH5: Week-52 | BI5: Week-53
I6: 46028 | J6: =I6+7 -> 46035 | K6: =J6+7 -> 46042 | L6: =K6+7 -> 46049 | M6: =L6+7 -> 46056 | N6: =M6+7 -> 46063 | O6: =N6+7 -> 46070 | P6: =O6+7 -> 46077 | Q6: =P6+7 -> 46084 | ... BH6: =BG6+7 -> 46385 | BI6: =BH6+1 -> 46386
B7: ANCHOR | C7: Ach (%) | D7: =H8/H7 -> 6425.2462 | E7: =IF(D7>300%,300%,D7) -> 3 | F7: Target | G7: =G14+G18+G22 -> 1594897 | H7: =H14+H18+H22 -> 111782.16 | I7: =IFERROR(I14+I18+I22,"") -> 12565.57 | J7: =IFERROR(J14+J18+J22,"") -> 11161.751 | K7: =IFERROR(K14+K18+K22,"") -> 10817.907 | L7: =IFERROR(L14+L18+L22,"") -> 13151.848 | M7: =IFERROR(M14+M18+M22,"") -> 12482.394 | N7: =IFERROR(N14+N18+N22,"") -> 11512.271 | O7: =IFERROR(O14+O18+O22,"") -> 11017.893 | P7: =IFERROR(P14+P18+P22,"") -> 13030.258 | ... BI7: =IFERROR(BI14+BI18+BI22,"")
B8: =B7 -> ANCHOR | C8: YoY (%) | D8: =H8/H9-1 -> 5034.2567 | E8: =IF(D8>300%,300%,D8) -> 3 | F8: 2026 | G8: =G15+G19+G23 -> 7.1838571e+08 | H8: =H15+H19+H23 -> 7.182279e+08 | I8: =IFERROR(I15+I19+I23,"") -> 806.89733 | J8: =IFERROR(J15+J19+J23,"") -> 565.13659 | K8: =IFERROR(K15+K19+K23,"") -> 398.58689 | L8: =IFERROR(L15+L19+L23,"") -> 656.23401 | M8: =IFERROR(M15+M19+M23,"") -> 834.78412 | N8: =IFERROR(N15+N19+N23,"") -> 836.75157 | O8: =IFERROR(O15+O19+O23,"") -> 678.54053 | P8: =IFERROR(P15+P19+P23,"") -> 759.0356 | ... BI8: =IFERROR(BI15+BI19+BI23,"")
C9: YoY (%) | D9: =H9/H10-1 -> -0.25869721 | E9: =IF(D9>300%,300%,D9) -> -0.25869721 | F9: 2025 | G9: =G16+G20+G24 -> 871113.49 | H9: =H16+H20+H24 -> 142639.78 | I9: =IFERROR(I16+I20+I24,"") -> 10868.838 | J9: =IFERROR(J16+J20+J24,"") -> 9449.8979 | K9: =IFERROR(K16+K20+K24,"") -> 9389.5657 | L9: =IFERROR(L16+L20+L24,"") -> 11328.81 | M9: =IFERROR(M16+M20+M24,"") -> 10509.281 | N9: =IFERROR(N16+N20+N24,"") -> 9594.0448 | O9: =IFERROR(O16+O20+O24,"") -> 9485.8721 | P9: =IFERROR(P16+P20+P24,"") -> 13105.251 | ... BI9: =IFERROR(BI16+BI20+BI24,"")
B10: =B7 -> ANCHOR | F10: =F9-1 -> 2024 | G10: =G17+G21+G25 -> 745707.97 | H10: =H17+H21+H25 -> 192417.7 | I10: =IFERROR(I17+I21+I25,"") -> 16620.323 | J10: =IFERROR(J17+J21+J25,"") -> 15966.218 | K10: =IFERROR(K17+K21+K25,"") -> 15658.988 | L10: =IFERROR(L17+L21+L25,"") -> 16730.294 | M10: =IFERROR(M17+M21+M25,"") -> 17605.817 | N10: =IFERROR(N17+N21+N25,"") -> 19334.424 | O10: =IFERROR(O17+O21+O25,"") -> 14109.222 | P10: =IFERROR(P17+P21+P25,"") -> 14732.828 | ... BI10: =IFERROR(BI17+BI21+BI25,"")
B12: PM | C12: KET | D12: % | F12: Periode | G12: FY | H12: YTD | I12: =I5 -> Week-01 | J12: =J5 -> Week-02 | K12: =K5 -> Week-03 | L12: =L5 -> Week-04 | M12: =M5 -> Week-05 | N12: =N5 -> Week-06 | O12: =O5 -> Week-07 | P12: =P5 -> Week-08 | ... BI12: =BI5 -> Week-53
I13: 46028 | J13: =I13+7 -> 46035 | K13: =J13+7 -> 46042 | L13: =K13+7 -> 46049 | M13: =L13+7 -> 46056 | N13: =M13+7 -> 46063 | O13: =N13+7 -> 46070 | P13: =O13+7 -> 46077 | Q13: =P13+7 -> 46084 | ... BH13: =BG13+7 -> 46385 | BI13: =BH13+1 -> 46386
A14: =CONCATENATE(B14,PARAMETER!T$2) -> ADISTIVOL | B14: =PARAMETER!H2 -> ADISTI | C14: Ach (%) | D14: =H15/H14 -> 8216.7503 | E14: =IF(D14>300%,300%,D14) -> 3 | F14: =F7 -> Target | G14: =SUMIF('2026 T'!$E:$E,PerPM!$A14,'2026 T'!G:G)/PARAMETER!$T$3 -> 776510 | H14: =SUMIF('2026 T'!$E:$E,PerPM!$A14,'2026 T'!H:H)/PARAMETER!$T$3 -> 44517.257 | I14: =IF(I$4<=PARAMETER!$X$2,SUMIF('2026 T'!$E:$E,PerPM!$A14,'2026 T'!I:I)/PARAMETER!$T$3,"") -> 5155.1766 | J14: =IF(J$4<=PARAMETER!$X$2,SUMIF('2026 T'!$E:$E,PerPM!$A14,'2026 T'!J:J)/PARAMETER!$T$3,"") -> 4471.8912 | K14: =IF(K$4<=PARAMETER!$X$2,SUMIF('2026 T'!$E:$E,PerPM!$A14,'2026 T'!K:K)/PARAMETER!$T$3,"") -> 4426.3866 | L14: =IF(L$4<=PARAMETER!$X$2,SUMIF('2026 T'!$E:$E,PerPM!$A14,'2026 T'!L:L)/PARAMETER!$T$3,"") -> 5514.4079 | M14: =IF(M$4<=PARAMETER!$X$2,SUMIF('2026 T'!$E:$E,PerPM!$A14,'2026 T'!M:M)/PARAMETER!$T$3,"") -> 4968.4099 | N14: =IF(N$4<=PARAMETER!$X$2,SUMIF('2026 T'!$E:$E,PerPM!$A14,'2026 T'!N:N)/PARAMETER!$T$3,"") -> 4811.1881 | O14: =IF(O$4<=PARAMETER!$X$2,SUMIF('2026 T'!$E:$E,PerPM!$A14,'2026 T'!O:O)/PARAMETER!$T$3,"") -> 4791.6511 | P14: =IF(P$4<=PARAMETER!$X$2,SUMIF('2026 T'!$E:$E,PerPM!$A14,'2026 T'!P:P)/PARAMETER!$T$3,"") -> 4897.334 | Q14: =IF(Q$4<=PARAMETER!$X$2,SUMIF('2026 T'!$E:$E,PerPM!$A14,'2026 T'!Q:Q)/PARAMETER!$T$3,"") -> 5480.8115 | R14: =IF(R$4<=PARAMETER!$X$2,SUMIF('2026 T'!$E:$E,PerPM!$A14,'2026 T'!R:R)/PARAMETER!$T$3,"") -> 5042.8209 | S14: =IF(S$4<=PARAMETER!$X$2,SUMIF('2026 T'!$E:$E,PerPM!$A14,'2026 T'!S:S)/PARAMETER!$T$3,"") -> 5797.8882 | T14: =IF(T$4<=PARAMETER!$X$2,SUMIF('2026 T'!$E:$E,PerPM!$A14,'2026 T'!T:T)/PARAMETER!$T$3,"") -> 6255.1224 | U14: =IF(U$4<=PARAMETER!$X$2,SUMIF('2026 T'!$E:$E,PerPM!$A14,'2026 T'!U:U)/PARAMETER!$T$3,"") | V14: =IF(V$4<=PARAMETER!$X$2,SUMIF('2026 T'!$E:$E,PerPM!$A14,'2026 T'!V:V)/PARAMETER!$T$3,"") | W14: =IF(W$4<=PARAMETER!$X$2,SUMIF('2026 T'!$E:$E,PerPM!$A14,'2026 T'!W:W)/PARAMETER!$T$3,"") | X14: =IF(X$4<=PARAMETER!$X$2,SUMIF('2026 T'!$E:$E,PerPM!$A14,'2026 T'!X:X)/PARAMETER!$T$3,"") | Y14: =IF(Y$4<=PARAMETER!$X$2,SUMIF('2026 T'!$E:$E,PerPM!$A14,'2026 T'!Y:Y)/PARAMETER!$T$3,"") | Z14: =IF(Z$4<=PARAMETER!$X$2,SUMIF('2026 T'!$E:$E,PerPM!$A14,'2026 T'!Z:Z)/PARAMETER!$T$3,"") | AA14: =IF(AA$4<=PARAMETER!$X$2,SUMIF('2026 T'!$E:$E,PerPM!$A14,'2026 T'!AA:AA)/PARAMETER!$T$3,"") | AB14: =IF(AB$4<=PARAMETER!$X$2,SUMIF('2026 T'!$E:$E,PerPM!$A14,'2026 T'!AB:AB)/PARAMETER!$T$3,"") | AC14: =IF(AC$4<=PARAMETER!$X$2,SUMIF('2026 T'!$E:$E,PerPM!$A14,'2026 T'!AC:AC)/PARAMETER!$T$3,"") | AD14: =IF(AD$4<=PARAMETER!$X$2,SUMIF('2026 T'!$E:$E,PerPM!$A14,'2026 T'!AD:AD)/PARAMETER!$T$3,"") | AE14: =IF(AE$4<=PARAMETER!$X$2,SUMIF('2026 T'!$E:$E,PerPM!$A14,'2026 T'!AE:AE)/PARAMETER!$T$3,"") | AF14: =IF(AF$4<=PARAMETER!$X$2,SUMIF('2026 T'!$E:$E,PerPM!$A14,'2026 T'!AF:AF)/PARAMETER!$T$3,"") | AG14: =IF(AG$4<=PARAMETER!$X$2,SUMIF('2026 T'!$E:$E,PerPM!$A14,'2026 T'!AG:AG)/PARAMETER!$T$3,"") | AH14: =IF(AH$4<=PARAMETER!$X$2,SUMIF('2026 T'!$E:$E,PerPM!$A14,'2026 T'!AH:AH)/PARAMETER!$T$3,"") | AI14: =IF(AI$4<=PARAMETER!$X$2,SUMIF('2026 T'!$E:$E,PerPM!$A14,'2026 T'!AI:AI)/PARAMETER!$T$3,"") | AJ14: =IF(AJ$4<=PARAMETER!$X$2,SUMIF('2026 T'!$E:$E,PerPM!$A14,'2026 T'!AJ:AJ)/PARAMETER!$T$3,"") | AK14: =IF(AK$4<=PARAMETER!$X$2,SUMIF('2026 T'!$E:$E,PerPM!$A14,'2026 T'!AK:AK)/PARAMETER!$T$3,"") | AL14: =IF(AL$4<=PARAMETER!$X$2,SUMIF('2026 T'!$E:$E,PerPM!$A14,'2026 T'!AL:AL)/PARAMETER!$T$3,"") | AM14: =IF(AM$4<=PARAMETER!$X$2,SUMIF('2026 T'!$E:$E,PerPM!$A14,'2026 T'!AM:AM)/PARAMETER!$T$3,"") | AN14: =IF(AN$4<=PARAMETER!$X$2,SUMIF('2026 T'!$E:$E,PerPM!$A14,'2026 T'!AN:AN)/PARAMETER!$T$3,"") | AO14: =IF(AO$4<=PARAMETER!$X$2,SUMIF('2026 T'!$E:$E,PerPM!$A14,'2026 T'!AO:AO)/PARAMETER!$T$3,"") | AP14: =IF(AP$4<=PARAMETER!$X$2,SUMIF('2026 T'!$E:$E,PerPM!$A14,'2026 T'!AP:AP)/PARAMETER!$T$3,"") | AQ14: =IF(AQ$4<=PARAMETER!$X$2,SUMIF('2026 T'!$E:$E,PerPM!$A14,'2026 T'!AQ:AQ)/PARAMETER!$T$3,"") | AR14: =IF(AR$4<=PARAMETER!$X$2,SUMIF('2026 T'!$E:$E,PerPM!$A14,'2026 T'!AR:AR)/PARAMETER!$T$3,"") | AS14: =IF(AS$4<=PARAMETER!$X$2,SUMIF('2026 T'!$E:$E,PerPM!$A14,'2026 T'!AS:AS)/PARAMETER!$T$3,"") | AT14: =IF(AT$4<=PARAMETER!$X$2,SUMIF('2026 T'!$E:$E,PerPM!$A14,'2026 T'!AT:AT)/PARAMETER!$T$3,"") | AU14: =IF(AU$4<=PARAMETER!$X$2,SUMIF('2026 T'!$E:$E,PerPM!$A14,'2026 T'!AU:AU)/PARAMETER!$T$3,"") | AV14: =IF(AV$4<=PARAMETER!$X$2,SUMIF('2026 T'!$E:$E,PerPM!$A14,'2026 T'!AV:AV)/PARAMETER!$T$3,"") | AW14: =IF(AW$4<=PARAMETER!$X$2,SUMIF('2026 T'!$E:$E,PerPM!$A14,'2026 T'!AW:AW)/PARAMETER!$T$3,"") | AX14: =IF(AX$4<=PARAMETER!$X$2,SUMIF('2026 T'!$E:$E,PerPM!$A14,'2026 T'!AX:AX)/PARAMETER!$T$3,"") | AY14: =IF(AY$4<=PARAMETER!$X$2,SUMIF('2026 T'!$E:$E,PerPM!$A14,'2026 T'!AY:AY)/PARAMETER!$T$3,"") | AZ14: =IF(AZ$4<=PARAMETER!$X$2,SUMIF('2026 T'!$E:$E,PerPM!$A14,'2026 T'!AZ:AZ)/PARAMETER!$T$3,"") | BA14: =IF(BA$4<=PARAMETER!$X$2,SUMIF('2026 T'!$E:$E,PerPM!$A14,'2026 T'!BA:BA)/PARAMETER!$T$3,"") | BB14: =IF(BB$4<=PARAMETER!$X$2,SUMIF('2026 T'!$E:$E,PerPM!$A14,'2026 T'!BB:BB)/PARAMETER!$T$3,"") | BC14: =IF(BC$4<=PARAMETER!$X$2,SUMIF('2026 T'!$E:$E,PerPM!$A14,'2026 T'!BC:BC)/PARAMETER!$T$3,"") | BD14: =IF(BD$4<=PARAMETER!$X$2,SUMIF('2026 T'!$E:$E,PerPM!$A14,'2026 T'!BD:BD)/PARAMETER!$T$3,"") | BE14: =IF(BE$4<=PARAMETER!$X$2,SUMIF('2026 T'!$E:$E,PerPM!$A14,'2026 T'!BE:BE)/PARAMETER!$T$3,"") | BF14: =IF(BF$4<=PARAMETER!$X$2,SUMIF('2026 T'!$E:$E,PerPM!$A14,'2026 T'!BF:BF)/PARAMETER!$T$3,"") | BG14: =IF(BG$4<=PARAMETER!$X$2,SUMIF('2026 T'!$E:$E,PerPM!$A14,'2026 T'!BG:BG)/PARAMETER!$T$3,"") | BH14: =IF(BH$4<=PARAMETER!$X$2,SUMIF('2026 T'!$E:$E,PerPM!$A14,'2026 T'!BH:BH)/PARAMETER!$T$3,"") | BI14: =IF(BI$4<=PARAMETER!$X$2,SUMIF('2026 T'!$E:$E,PerPM!$A14,'2026 T'!BI:BI)/PARAMETER!$T$3,"")
A15: =CONCATENATE(B15,PARAMETER!T$2) -> ADISTIVOL | B15: =B14 -> ADISTI | C15: YoY (%) | D15: =H15/H16-1 -> 7084.6036 | E15: =IF(D15>300%,300%,D15) -> 3 | F15: =F8 -> 2026 | G15: =IF(G$4<=PARAMETER!$X$2,SUMIF('2026'!$E:$E,PerPM!$A14,'2026'!G:G)/PARAMETER!$T$3,"") -> 3.6584414e+08 | H15: =IF(H$4<=PARAMETER!$X$2,SUMIF('2026'!$E:$E,PerPM!$A14,'2026'!H:H)/PARAMETER!$T$3,"") -> 3.6578718e+08 | I15: =IF(I$4<=PARAMETER!$X$2,SUMIF('2026'!$E:$E,PerPM!$A14,'2026'!I:I)/PARAMETER!$T$3,"") -> 156.04983 | J15: =IF(J$4<=PARAMETER!$X$2,SUMIF('2026'!$E:$E,PerPM!$A14,'2026'!J:J)/PARAMETER!$T$3,"") -> 0 | K15: =IF(K$4<=PARAMETER!$X$2,SUMIF('2026'!$E:$E,PerPM!$A14,'2026'!K:K)/PARAMETER!$T$3,"") -> 0 | L15: =IF(L$4<=PARAMETER!$X$2,SUMIF('2026'!$E:$E,PerPM!$A14,'2026'!L:L)/PARAMETER!$T$3,"") -> 0 | M15: =IF(M$4<=PARAMETER!$X$2,SUMIF('2026'!$E:$E,PerPM!$A14,'2026'!M:M)/PARAMETER!$T$3,"") -> 167.56352 | N15: =IF(N$4<=PARAMETER!$X$2,SUMIF('2026'!$E:$E,PerPM!$A14,'2026'!N:N)/PARAMETER!$T$3,"") -> 147.79262 | O15: =IF(O$4<=PARAMETER!$X$2,SUMIF('2026'!$E:$E,PerPM!$A14,'2026'!O:O)/PARAMETER!$T$3,"") -> 0 | P15: =IF(P$4<=PARAMETER!$X$2,SUMIF('2026'!$E:$E,PerPM!$A14,'2026'!P:P)/PARAMETER!$T$3,"") -> 128.04754 | Q15: =IF(Q$4<=PARAMETER!$X$2,SUMIF('2026'!$E:$E,PerPM!$A14,'2026'!Q:Q)/PARAMETER!$T$3,"") -> 2.5654408e+08 | R15: =IF(R$4<=PARAMETER!$X$2,SUMIF('2026'!$E:$E,PerPM!$A14,'2026'!R:R)/PARAMETER!$T$3,"") -> 57398984 | S15: =IF(S$4<=PARAMETER!$X$2,SUMIF('2026'!$E:$E,PerPM!$A14,'2026'!S:S)/PARAMETER!$T$3,"") -> 51843370 | T15: =IF(T$4<=PARAMETER!$X$2,SUMIF('2026'!$E:$E,PerPM!$A14,'2026'!T:T)/PARAMETER!$T$3,"") -> 149.79984 | U15: =IF(U$4<=PARAMETER!$X$2,SUMIF('2026'!$E:$E,PerPM!$A14,'2026'!U:U)/PARAMETER!$T$3,"") | V15: =IF(V$4<=PARAMETER!$X$2,SUMIF('2026'!$E:$E,PerPM!$A14,'2026'!V:V)/PARAMETER!$T$3,"") | W15: =IF(W$4<=PARAMETER!$X$2,SUMIF('2026'!$E:$E,PerPM!$A14,'2026'!W:W)/PARAMETER!$T$3,"") | X15: =IF(X$4<=PARAMETER!$X$2,SUMIF('2026'!$E:$E,PerPM!$A14,'2026'!X:X)/PARAMETER!$T$3,"") | Y15: =IF(Y$4<=PARAMETER!$X$2,SUMIF('2026'!$E:$E,PerPM!$A14,'2026'!Y:Y)/PARAMETER!$T$3,"") | Z15: =IF(Z$4<=PARAMETER!$X$2,SUMIF('2026'!$E:$E,PerPM!$A14,'2026'!Z:Z)/PARAMETER!$T$3,"") | AA15: =IF(AA$4<=PARAMETER!$X$2,SUMIF('2026'!$E:$E,PerPM!$A14,'2026'!AA:AA)/PARAMETER!$T$3,"") | AB15: =IF(AB$4<=PARAMETER!$X$2,SUMIF('2026'!$E:$E,PerPM!$A14,'2026'!AB:AB)/PARAMETER!$T$3,"") | AC15: =IF(AC$4<=PARAMETER!$X$2,SUMIF('2026'!$E:$E,PerPM!$A14,'2026'!AC:AC)/PARAMETER!$T$3,"") | AD15: =IF(AD$4<=PARAMETER!$X$2,SUMIF('2026'!$E:$E,PerPM!$A14,'2026'!AD:AD)/PARAMETER!$T$3,"") | AE15: =IF(AE$4<=PARAMETER!$X$2,SUMIF('2026'!$E:$E,PerPM!$A14,'2026'!AE:AE)/PARAMETER!$T$3,"") | AF15: =IF(AF$4<=PARAMETER!$X$2,SUMIF('2026'!$E:$E,PerPM!$A14,'2026'!AF:AF)/PARAMETER!$T$3,"") | AG15: =IF(AG$4<=PARAMETER!$X$2,SUMIF('2026'!$E:$E,PerPM!$A14,'2026'!AG:AG)/PARAMETER!$T$3,"") | AH15: =IF(AH$4<=PARAMETER!$X$2,SUMIF('2026'!$E:$E,PerPM!$A14,'2026'!AH:AH)/PARAMETER!$T$3,"") | AI15: =IF(AI$4<=PARAMETER!$X$2,SUMIF('2026'!$E:$E,PerPM!$A14,'2026'!AI:AI)/PARAMETER!$T$3,"") | AJ15: =IF(AJ$4<=PARAMETER!$X$2,SUMIF('2026'!$E:$E,PerPM!$A14,'2026'!AJ:AJ)/PARAMETER!$T$3,"") | AK15: =IF(AK$4<=PARAMETER!$X$2,SUMIF('2026'!$E:$E,PerPM!$A14,'2026'!AK:AK)/PARAMETER!$T$3,"") | AL15: =IF(AL$4<=PARAMETER!$X$2,SUMIF('2026'!$E:$E,PerPM!$A14,'2026'!AL:AL)/PARAMETER!$T$3,"") | AM15: =IF(AM$4<=PARAMETER!$X$2,SUMIF('2026'!$E:$E,PerPM!$A14,'2026'!AM:AM)/PARAMETER!$T$3,"") | AN15: =IF(AN$4<=PARAMETER!$X$2,SUMIF('2026'!$E:$E,PerPM!$A14,'2026'!AN:AN)/PARAMETER!$T$3,"") | AO15: =IF(AO$4<=PARAMETER!$X$2,SUMIF('2026'!$E:$E,PerPM!$A14,'2026'!AO:AO)/PARAMETER!$T$3,"") | AP15: =IF(AP$4<=PARAMETER!$X$2,SUMIF('2026'!$E:$E,PerPM!$A14,'2026'!AP:AP)/PARAMETER!$T$3,"") | AQ15: =IF(AQ$4<=PARAMETER!$X$2,SUMIF('2026'!$E:$E,PerPM!$A14,'2026'!AQ:AQ)/PARAMETER!$T$3,"") | AR15: =IF(AR$4<=PARAMETER!$X$2,SUMIF('2026'!$E:$E,PerPM!$A14,'2026'!AR:AR)/PARAMETER!$T$3,"") | AS15: =IF(AS$4<=PARAMETER!$X$2,SUMIF('2026'!$E:$E,PerPM!$A14,'2026'!AS:AS)/PARAMETER!$T$3,"") | AT15: =IF(AT$4<=PARAMETER!$X$2,SUMIF('2026'!$E:$E,PerPM!$A14,'2026'!AT:AT)/PARAMETER!$T$3,"") | AU15: =IF(AU$4<=PARAMETER!$X$2,SUMIF('2026'!$E:$E,PerPM!$A14,'2026'!AU:AU)/PARAMETER!$T$3,"") | AV15: =IF(AV$4<=PARAMETER!$X$2,SUMIF('2026'!$E:$E,PerPM!$A14,'2026'!AV:AV)/PARAMETER!$T$3,"") | AW15: =IF(AW$4<=PARAMETER!$X$2,SUMIF('2026'!$E:$E,PerPM!$A14,'2026'!AW:AW)/PARAMETER!$T$3,"") | AX15: =IF(AX$4<=PARAMETER!$X$2,SUMIF('2026'!$E:$E,PerPM!$A14,'2026'!AX:AX)/PARAMETER!$T$3,"") | AY15: =IF(AY$4<=PARAMETER!$X$2,SUMIF('2026'!$E:$E,PerPM!$A14,'2026'!AY:AY)/PARAMETER!$T$3,"") | AZ15: =IF(AZ$4<=PARAMETER!$X$2,SUMIF('2026'!$E:$E,PerPM!$A14,'2026'!AZ:AZ)/PARAMETER!$T$3,"") | BA15: =IF(BA$4<=PARAMETER!$X$2,SUMIF('2026'!$E:$E,PerPM!$A14,'2026'!BA:BA)/PARAMETER!$T$3,"") | BB15: =IF(BB$4<=PARAMETER!$X$2,SUMIF('2026'!$E:$E,PerPM!$A14,'2026'!BB:BB)/PARAMETER!$T$3,"") | BC15: =IF(BC$4<=PARAMETER!$X$2,SUMIF('2026'!$E:$E,PerPM!$A14,'2026'!BC:BC)/PARAMETER!$T$3,"") | BD15: =IF(BD$4<=PARAMETER!$X$2,SUMIF('2026'!$E:$E,PerPM!$A14,'2026'!BD:BD)/PARAMETER!$T$3,"") | BE15: =IF(BE$4<=PARAMETER!$X$2,SUMIF('2026'!$E:$E,PerPM!$A14,'2026'!BE:BE)/PARAMETER!$T$3,"") | BF15: =IF(BF$4<=PARAMETER!$X$2,SUMIF('2026'!$E:$E,PerPM!$A14,'2026'!BF:BF)/PARAMETER!$T$3,"") | BG15: =IF(BG$4<=PARAMETER!$X$2,SUMIF('2026'!$E:$E,PerPM!$A14,'2026'!BG:BG)/PARAMETER!$T$3,"") | BH15: =IF(BH$4<=PARAMETER!$X$2,SUMIF('2026'!$E:$E,PerPM!$A14,'2026'!BH:BH)/PARAMETER!$T$3,"") | BI15: =IF(BI$4<=PARAMETER!$X$2,SUMIF('2026'!$E:$E,PerPM!$A14,'2026'!BI:BI)/PARAMETER!$T$3,"")
A16: =CONCATENATE(B16,PARAMETER!T$2) -> ADISTIVOL | B16: =B15 -> ADISTI | C16: YoY (%) | D16: =H16/H17-1 -> 0.050684665 | E16: =IF(D16>300%,300%,D16) -> 0.050684665 | F16: =F9 -> 2025 | G16: =IF(G$4<=PARAMETER!$X$2,SUMIF('2025'!$E:$E,PerPM!$A15,'2025'!G:G)/PARAMETER!$T$3,"") -> 425356.2 | H16: =IF(H$4<=PARAMETER!$X$2,SUMIF('2025'!$E:$E,PerPM!$A15,'2025'!H:H)/PARAMETER!$T$3,"") -> 51623.998 | I16: =IF(I$4<=PARAMETER!$X$2,SUMIF('2025'!$E:$E,PerPM!$A15,'2025'!I:I)/PARAMETER!$T$3,"") -> 4339.5899 | J16: =IF(J$4<=PARAMETER!$X$2,SUMIF('2025'!$E:$E,PerPM!$A15,'2025'!J:J)/PARAMETER!$T$3,"") -> 3721.4221 | K16: =IF(K$4<=PARAMETER!$X$2,SUMIF('2025'!$E:$E,PerPM!$A15,'2025'!K:K)/PARAMETER!$T$3,"") -> 3708.9509 | L16: =IF(L$4<=PARAMETER!$X$2,SUMIF('2025'!$E:$E,PerPM!$A15,'2025'!L:L)/PARAMETER!$T$3,"") -> 4593.2381 | M16: =IF(M$4<=PARAMETER!$X$2,SUMIF('2025'!$E:$E,PerPM!$A15,'2025'!M:M)/PARAMETER!$T$3,"") -> 4159.0775 | N16: =IF(N$4<=PARAMETER!$X$2,SUMIF('2025'!$E:$E,PerPM!$A15,'2025'!N:N)/PARAMETER!$T$3,"") -> 3970.6468 | O16: =IF(O$4<=PARAMETER!$X$2,SUMIF('2025'!$E:$E,PerPM!$A15,'2025'!O:O)/PARAMETER!$T$3,"") -> 4025.1105 | P16: =IF(P$4<=PARAMETER!$X$2,SUMIF('2025'!$E:$E,PerPM!$A15,'2025'!P:P)/PARAMETER!$T$3,"") -> 4137.5195 | Q16: =IF(Q$4<=PARAMETER!$X$2,SUMIF('2025'!$E:$E,PerPM!$A15,'2025'!Q:Q)/PARAMETER!$T$3,"") -> 4681.143 | R16: =IF(R$4<=PARAMETER!$X$2,SUMIF('2025'!$E:$E,PerPM!$A15,'2025'!R:R)/PARAMETER!$T$3,"") -> 4218.9789 | S16: =IF(S$4<=PARAMETER!$X$2,SUMIF('2025'!$E:$E,PerPM!$A15,'2025'!S:S)/PARAMETER!$T$3,"") -> 4818.8779 | T16: =IF(T$4<=PARAMETER!$X$2,SUMIF('2025'!$E:$E,PerPM!$A15,'2025'!T:T)/PARAMETER!$T$3,"") -> 5249.4428 | U16: =IF(U$4<=PARAMETER!$X$2,SUMIF('2025'!$E:$E,PerPM!$A15,'2025'!U:U)/PARAMETER!$T$3,"") | V16: =IF(V$4<=PARAMETER!$X$2,SUMIF('2025'!$E:$E,PerPM!$A15,'2025'!V:V)/PARAMETER!$T$3,"") | W16: =IF(W$4<=PARAMETER!$X$2,SUMIF('2025'!$E:$E,PerPM!$A15,'2025'!W:W)/PARAMETER!$T$3,"") | X16: =IF(X$4<=PARAMETER!$X$2,SUMIF('2025'!$E:$E,PerPM!$A15,'2025'!X:X)/PARAMETER!$T$3,"") | Y16: =IF(Y$4<=PARAMETER!$X$2,SUMIF('2025'!$E:$E,PerPM!$A15,'2025'!Y:Y)/PARAMETER!$T$3,"") | Z16: =IF(Z$4<=PARAMETER!$X$2,SUMIF('2025'!$E:$E,PerPM!$A15,'2025'!Z:Z)/PARAMETER!$T$3,"") | AA16: =IF(AA$4<=PARAMETER!$X$2,SUMIF('2025'!$E:$E,PerPM!$A15,'2025'!AA:AA)/PARAMETER!$T$3,"") | AB16: =IF(AB$4<=PARAMETER!$X$2,SUMIF('2025'!$E:$E,PerPM!$A15,'2025'!AB:AB)/PARAMETER!$T$3,"") | AC16: =IF(AC$4<=PARAMETER!$X$2,SUMIF('2025'!$E:$E,PerPM!$A15,'2025'!AC:AC)/PARAMETER!$T$3,"") | AD16: =IF(AD$4<=PARAMETER!$X$2,SUMIF('2025'!$E:$E,PerPM!$A15,'2025'!AD:AD)/PARAMETER!$T$3,"") | AE16: =IF(AE$4<=PARAMETER!$X$2,SUMIF('2025'!$E:$E,PerPM!$A15,'2025'!AE:AE)/PARAMETER!$T$3,"") | AF16: =IF(AF$4<=PARAMETER!$X$2,SUMIF('2025'!$E:$E,PerPM!$A15,'2025'!AF:AF)/PARAMETER!$T$3,"") | AG16: =IF(AG$4<=PARAMETER!$X$2,SUMIF('2025'!$E:$E,PerPM!$A15,'2025'!AG:AG)/PARAMETER!$T$3,"") | AH16: =IF(AH$4<=PARAMETER!$X$2,SUMIF('2025'!$E:$E,PerPM!$A15,'2025'!AH:AH)/PARAMETER!$T$3,"") | AI16: =IF(AI$4<=PARAMETER!$X$2,SUMIF('2025'!$E:$E,PerPM!$A15,'2025'!AI:AI)/PARAMETER!$T$3,"") | AJ16: =IF(AJ$4<=PARAMETER!$X$2,SUMIF('2025'!$E:$E,PerPM!$A15,'2025'!AJ:AJ)/PARAMETER!$T$3,"") | AK16: =IF(AK$4<=PARAMETER!$X$2,SUMIF('2025'!$E:$E,PerPM!$A15,'2025'!AK:AK)/PARAMETER!$T$3,"") | AL16: =IF(AL$4<=PARAMETER!$X$2,SUMIF('2025'!$E:$E,PerPM!$A15,'2025'!AL:AL)/PARAMETER!$T$3,"") | AM16: =IF(AM$4<=PARAMETER!$X$2,SUMIF('2025'!$E:$E,PerPM!$A15,'2025'!AM:AM)/PARAMETER!$T$3,"") | AN16: =IF(AN$4<=PARAMETER!$X$2,SUMIF('2025'!$E:$E,PerPM!$A15,'2025'!AN:AN)/PARAMETER!$T$3,"") | AO16: =IF(AO$4<=PARAMETER!$X$2,SUMIF('2025'!$E:$E,PerPM!$A15,'2025'!AO:AO)/PARAMETER!$T$3,"") | AP16: =IF(AP$4<=PARAMETER!$X$2,SUMIF('2025'!$E:$E,PerPM!$A15,'2025'!AP:AP)/PARAMETER!$T$3,"") | AQ16: =IF(AQ$4<=PARAMETER!$X$2,SUMIF('2025'!$E:$E,PerPM!$A15,'2025'!AQ:AQ)/PARAMETER!$T$3,"") | AR16: =IF(AR$4<=PARAMETER!$X$2,SUMIF('2025'!$E:$E,PerPM!$A15,'2025'!AR:AR)/PARAMETER!$T$3,"") | AS16: =IF(AS$4<=PARAMETER!$X$2,SUMIF('2025'!$E:$E,PerPM!$A15,'2025'!AS:AS)/PARAMETER!$T$3,"") | AT16: =IF(AT$4<=PARAMETER!$X$2,SUMIF('2025'!$E:$E,PerPM!$A15,'2025'!AT:AT)/PARAMETER!$T$3,"") | AU16: =IF(AU$4<=PARAMETER!$X$2,SUMIF('2025'!$E:$E,PerPM!$A15,'2025'!AU:AU)/PARAMETER!$T$3,"") | AV16: =IF(AV$4<=PARAMETER!$X$2,SUMIF('2025'!$E:$E,PerPM!$A15,'2025'!AV:AV)/PARAMETER!$T$3,"") | AW16: =IF(AW$4<=PARAMETER!$X$2,SUMIF('2025'!$E:$E,PerPM!$A15,'2025'!AW:AW)/PARAMETER!$T$3,"") | AX16: =IF(AX$4<=PARAMETER!$X$2,SUMIF('2025'!$E:$E,PerPM!$A15,'2025'!AX:AX)/PARAMETER!$T$3,"") | AY16: =IF(AY$4<=PARAMETER!$X$2,SUMIF('2025'!$E:$E,PerPM!$A15,'2025'!AY:AY)/PARAMETER!$T$3,"") | AZ16: =IF(AZ$4<=PARAMETER!$X$2,SUMIF('2025'!$E:$E,PerPM!$A15,'2025'!AZ:AZ)/PARAMETER!$T$3,"") | BA16: =IF(BA$4<=PARAMETER!$X$2,SUMIF('2025'!$E:$E,PerPM!$A15,'2025'!BA:BA)/PARAMETER!$T$3,"") | BB16: =IF(BB$4<=PARAMETER!$X$2,SUMIF('2025'!$E:$E,PerPM!$A15,'2025'!BB:BB)/PARAMETER!$T$3,"") | BC16: =IF(BC$4<=PARAMETER!$X$2,SUMIF('2025'!$E:$E,PerPM!$A15,'2025'!BC:BC)/PARAMETER!$T$3,"") | BD16: =IF(BD$4<=PARAMETER!$X$2,SUMIF('2025'!$E:$E,PerPM!$A15,'2025'!BD:BD)/PARAMETER!$T$3,"") | BE16: =IF(BE$4<=PARAMETER!$X$2,SUMIF('2025'!$E:$E,PerPM!$A15,'2025'!BE:BE)/PARAMETER!$T$3,"") | BF16: =IF(BF$4<=PARAMETER!$X$2,SUMIF('2025'!$E:$E,PerPM!$A15,'2025'!BF:BF)/PARAMETER!$T$3,"") | BG16: =IF(BG$4<=PARAMETER!$X$2,SUMIF('2025'!$E:$E,PerPM!$A15,'2025'!BG:BG)/PARAMETER!$T$3,"") | BH16: =IF(BH$4<=PARAMETER!$X$2,SUMIF('2025'!$E:$E,PerPM!$A15,'2025'!BH:BH)/PARAMETER!$T$3,"") | BI16: =IF(BI$4<=PARAMETER!$X$2,SUMIF('2025'!$E:$E,PerPM!$A15,'2025'!BI:BI)/PARAMETER!$T$3,"")
A17: =CONCATENATE(B17,PARAMETER!T$2) -> ADISTIVOL | B17: =B15 -> ADISTI | F17: =F10 -> 2024 | G17: =IF(G$4<=PARAMETER!$X$2,SUMIF('2024'!$E:$E,PerPM!$A14,'2024'!G:G)/PARAMETER!$T$3,"") -> 220838.95 | H17: =IF(H$4<=PARAMETER!$X$2,SUMIF('2024'!$E:$E,PerPM!$A14,'2024'!H:H)/PARAMETER!$T$3,"") -> 49133.674 | I17: =IF(I$4<=PARAMETER!$X$2,SUMIF('2024'!$E:$E,PerPM!$A14,'2024'!I:I)/PARAMETER!$T$3,"") -> 3774.5459 | J17: =IF(J$4<=PARAMETER!$X$2,SUMIF('2024'!$E:$E,PerPM!$A14,'2024'!J:J)/PARAMETER!$T$3,"") -> 3695.4699 | K17: =IF(K$4<=PARAMETER!$X$2,SUMIF('2024'!$E:$E,PerPM!$A14,'2024'!K:K)/PARAMETER!$T$3,"") -> 3293.9511 | L17: =IF(L$4<=PARAMETER!$X$2,SUMIF('2024'!$E:$E,PerPM!$A14,'2024'!L:L)/PARAMETER!$T$3,"") -> 3730.9688 | M17: =IF(M$4<=PARAMETER!$X$2,SUMIF('2024'!$E:$E,PerPM!$A14,'2024'!M:M)/PARAMETER!$T$3,"") -> 3750.0534 | N17: =IF(N$4<=PARAMETER!$X$2,SUMIF('2024'!$E:$E,PerPM!$A14,'2024'!N:N)/PARAMETER!$T$3,"") -> 6342.4502 | O17: =IF(O$4<=PARAMETER!$X$2,SUMIF('2024'!$E:$E,PerPM!$A14,'2024'!O:O)/PARAMETER!$T$3,"") -> 3818.9531 | P17: =IF(P$4<=PARAMETER!$X$2,SUMIF('2024'!$E:$E,PerPM!$A14,'2024'!P:P)/PARAMETER!$T$3,"") -> 3893.1397 | Q17: =IF(Q$4<=PARAMETER!$X$2,SUMIF('2024'!$E:$E,PerPM!$A14,'2024'!Q:Q)/PARAMETER!$T$3,"") -> 4204.3022 | R17: =IF(R$4<=PARAMETER!$X$2,SUMIF('2024'!$E:$E,PerPM!$A14,'2024'!R:R)/PARAMETER!$T$3,"") -> 4357.7652 | S17: =IF(S$4<=PARAMETER!$X$2,SUMIF('2024'!$E:$E,PerPM!$A14,'2024'!S:S)/PARAMETER!$T$3,"") -> 4062.9411 | T17: =IF(T$4<=PARAMETER!$X$2,SUMIF('2024'!$E:$E,PerPM!$A14,'2024'!T:T)/PARAMETER!$T$3,"") -> 4209.1334 | U17: =IF(U$4<=PARAMETER!$X$2,SUMIF('2024'!$E:$E,PerPM!$A14,'2024'!U:U)/PARAMETER!$T$3,"") | V17: =IF(V$4<=PARAMETER!$X$2,SUMIF('2024'!$E:$E,PerPM!$A14,'2024'!V:V)/PARAMETER!$T$3,"") | W17: =IF(W$4<=PARAMETER!$X$2,SUMIF('2024'!$E:$E,PerPM!$A14,'2024'!W:W)/PARAMETER!$T$3,"") | X17: =IF(X$4<=PARAMETER!$X$2,SUMIF('2024'!$E:$E,PerPM!$A14,'2024'!X:X)/PARAMETER!$T$3,"") | Y17: =IF(Y$4<=PARAMETER!$X$2,SUMIF('2024'!$E:$E,PerPM!$A14,'2024'!Y:Y)/PARAMETER!$T$3,"") | Z17: =IF(Z$4<=PARAMETER!$X$2,SUMIF('2024'!$E:$E,PerPM!$A14,'2024'!Z:Z)/PARAMETER!$T$3,"") | AA17: =IF(AA$4<=PARAMETER!$X$2,SUMIF('2024'!$E:$E,PerPM!$A14,'2024'!AA:AA)/PARAMETER!$T$3,"") | AB17: =IF(AB$4<=PARAMETER!$X$2,SUMIF('2024'!$E:$E,PerPM!$A14,'2024'!AB:AB)/PARAMETER!$T$3,"") | AC17: =IF(AC$4<=PARAMETER!$X$2,SUMIF('2024'!$E:$E,PerPM!$A14,'2024'!AC:AC)/PARAMETER!$T$3,"") | AD17: =IF(AD$4<=PARAMETER!$X$2,SUMIF('2024'!$E:$E,PerPM!$A14,'2024'!AD:AD)/PARAMETER!$T$3,"") | AE17: =IF(AE$4<=PARAMETER!$X$2,SUMIF('2024'!$E:$E,PerPM!$A14,'2024'!AE:AE)/PARAMETER!$T$3,"") | AF17: =IF(AF$4<=PARAMETER!$X$2,SUMIF('2024'!$E:$E,PerPM!$A14,'2024'!AF:AF)/PARAMETER!$T$3,"") | AG17: =IF(AG$4<=PARAMETER!$X$2,SUMIF('2024'!$E:$E,PerPM!$A14,'2024'!AG:AG)/PARAMETER!$T$3,"") | AH17: =IF(AH$4<=PARAMETER!$X$2,SUMIF('2024'!$E:$E,PerPM!$A14,'2024'!AH:AH)/PARAMETER!$T$3,"") | AI17: =IF(AI$4<=PARAMETER!$X$2,SUMIF('2024'!$E:$E,PerPM!$A14,'2024'!AI:AI)/PARAMETER!$T$3,"") | AJ17: =IF(AJ$4<=PARAMETER!$X$2,SUMIF('2024'!$E:$E,PerPM!$A14,'2024'!AJ:AJ)/PARAMETER!$T$3,"") | AK17: =IF(AK$4<=PARAMETER!$X$2,SUMIF('2024'!$E:$E,PerPM!$A14,'2024'!AK:AK)/PARAMETER!$T$3,"") | AL17: =IF(AL$4<=PARAMETER!$X$2,SUMIF('2024'!$E:$E,PerPM!$A14,'2024'!AL:AL)/PARAMETER!$T$3,"") | AM17: =IF(AM$4<=PARAMETER!$X$2,SUMIF('2024'!$E:$E,PerPM!$A14,'2024'!AM:AM)/PARAMETER!$T$3,"") | AN17: =IF(AN$4<=PARAMETER!$X$2,SUMIF('2024'!$E:$E,PerPM!$A14,'2024'!AN:AN)/PARAMETER!$T$3,"") | AO17: =IF(AO$4<=PARAMETER!$X$2,SUMIF('2024'!$E:$E,PerPM!$A14,'2024'!AO:AO)/PARAMETER!$T$3,"") | AP17: =IF(AP$4<=PARAMETER!$X$2,SUMIF('2024'!$E:$E,PerPM!$A14,'2024'!AP:AP)/PARAMETER!$T$3,"") | AQ17: =IF(AQ$4<=PARAMETER!$X$2,SUMIF('2024'!$E:$E,PerPM!$A14,'2024'!AQ:AQ)/PARAMETER!$T$3,"") | AR17: =IF(AR$4<=PARAMETER!$X$2,SUMIF('2024'!$E:$E,PerPM!$A14,'2024'!AR:AR)/PARAMETER!$T$3,"") | AS17: =IF(AS$4<=PARAMETER!$X$2,SUMIF('2024'!$E:$E,PerPM!$A14,'2024'!AS:AS)/PARAMETER!$T$3,"") | AT17: =IF(AT$4<=PARAMETER!$X$2,SUMIF('2024'!$E:$E,PerPM!$A14,'2024'!AT:AT)/PARAMETER!$T$3,"") | AU17: =IF(AU$4<=PARAMETER!$X$2,SUMIF('2024'!$E:$E,PerPM!$A14,'2024'!AU:AU)/PARAMETER!$T$3,"") | AV17: =IF(AV$4<=PARAMETER!$X$2,SUMIF('2024'!$E:$E,PerPM!$A14,'2024'!AV:AV)/PARAMETER!$T$3,"") | AW17: =IF(AW$4<=PARAMETER!$X$2,SUMIF('2024'!$E:$E,PerPM!$A14,'2024'!AW:AW)/PARAMETER!$T$3,"") | AX17: =IF(AX$4<=PARAMETER!$X$2,SUMIF('2024'!$E:$E,PerPM!$A14,'2024'!AX:AX)/PARAMETER!$T$3,"") | AY17: =IF(AY$4<=PARAMETER!$X$2,SUMIF('2024'!$E:$E,PerPM!$A14,'2024'!AY:AY)/PARAMETER!$T$3,"") | AZ17: =IF(AZ$4<=PARAMETER!$X$2,SUMIF('2024'!$E:$E,PerPM!$A14,'2024'!AZ:AZ)/PARAMETER!$T$3,"") | BA17: =IF(BA$4<=PARAMETER!$X$2,SUMIF('2024'!$E:$E,PerPM!$A14,'2024'!BA:BA)/PARAMETER!$T$3,"") | BB17: =IF(BB$4<=PARAMETER!$X$2,SUMIF('2024'!$E:$E,PerPM!$A14,'2024'!BB:BB)/PARAMETER!$T$3,"") | BC17: =IF(BC$4<=PARAMETER!$X$2,SUMIF('2024'!$E:$E,PerPM!$A14,'2024'!BC:BC)/PARAMETER!$T$3,"") | BD17: =IF(BD$4<=PARAMETER!$X$2,SUMIF('2024'!$E:$E,PerPM!$A14,'2024'!BD:BD)/PARAMETER!$T$3,"") | BE17: =IF(BE$4<=PARAMETER!$X$2,SUMIF('2024'!$E:$E,PerPM!$A14,'2024'!BE:BE)/PARAMETER!$T$3,"") | BF17: =IF(BF$4<=PARAMETER!$X$2,SUMIF('2024'!$E:$E,PerPM!$A14,'2024'!BF:BF)/PARAMETER!$T$3,"") | BG17: =IF(BG$4<=PARAMETER!$X$2,SUMIF('2024'!$E:$E,PerPM!$A14,'2024'!BG:BG)/PARAMETER!$T$3,"") | BH17: =IF(BH$4<=PARAMETER!$X$2,SUMIF('2024'!$E:$E,PerPM!$A14,'2024'!BH:BH)/PARAMETER!$T$3,"") | BI17: =IF(BI$4<=PARAMETER!$X$2,SUMIF('2024'!$E:$E,PerPM!$A14,'2024'!BI:BI)/PARAMETER!$T$3,"")
A18: =CONCATENATE(B18,PARAMETER!T$2) -> NINAVOL | B18: =PARAMETER!H3 -> NINA | C18: Ach (%) | D18: =H19/H18 -> 7272.4946 | E18: =IF(D18>300%,300%,D18) -> 3 | F18: =F14 -> Target | G18: =SUMIF('2026 T'!$E:$E,PerPM!$A18,'2026 T'!G:G)/PARAMETER!$T$3 -> 330877 | H18: =SUMIF('2026 T'!$E:$E,PerPM!$A18,'2026 T'!H:H)/PARAMETER!$T$3 -> 46685.301 | I18: =IF(I$4<=PARAMETER!$X$2,SUMIF('2026 T'!$E:$E,PerPM!$A18,'2026 T'!I:I)/PARAMETER!$T$3,"") -> 4913.3036 | J18: =IF(J$4<=PARAMETER!$X$2,SUMIF('2026 T'!$E:$E,PerPM!$A18,'2026 T'!J:J)/PARAMETER!$T$3,"") -> 4220.1846 | K18: =IF(K$4<=PARAMETER!$X$2,SUMIF('2026 T'!$E:$E,PerPM!$A18,'2026 T'!K:K)/PARAMETER!$T$3,"") -> 4214.8734 | L18: =IF(L$4<=PARAMETER!$X$2,SUMIF('2026 T'!$E:$E,PerPM!$A18,'2026 T'!L:L)/PARAMETER!$T$3,"") -> 4961.7104 | M18: =IF(M$4<=PARAMETER!$X$2,SUMIF('2026 T'!$E:$E,PerPM!$A18,'2026 T'!M:M)/PARAMETER!$T$3,"") -> 4961.0907 | N18: =IF(N$4<=PARAMETER!$X$2,SUMIF('2026 T'!$E:$E,PerPM!$A18,'2026 T'!N:N)/PARAMETER!$T$3,"") -> 4554.5263 | O18: =IF(O$4<=PARAMETER!$X$2,SUMIF('2026 T'!$E:$E,PerPM!$A18,'2026 T'!O:O)/PARAMETER!$T$3,"") -> 4375.1254 | P18: =IF(P$4<=PARAMETER!$X$2,SUMIF('2026 T'!$E:$E,PerPM!$A18,'2026 T'!P:P)/PARAMETER!$T$3,"") -> 6622.7353 | Q18: =IF(Q$4<=PARAMETER!$X$2,SUMIF('2026 T'!$E:$E,PerPM!$A18,'2026 T'!Q:Q)/PARAMETER!$T$3,"") -> 7861.7516 | R18: =IF(R$4<=PARAMETER!$X$2,SUMIF('2026 T'!$E:$E,PerPM!$A18,'2026 T'!R:R)/PARAMETER!$T$3,"") -> 6845.5563 | S18: =IF(S$4<=PARAMETER!$X$2,SUMIF('2026 T'!$E:$E,PerPM!$A18,'2026 T'!S:S)/PARAMETER!$T$3,"") -> 7583.3899 | T18: =IF(T$4<=PARAMETER!$X$2,SUMIF('2026 T'!$E:$E,PerPM!$A18,'2026 T'!T:T)/PARAMETER!$T$3,"") -> 9175.1057 | U18: =IF(U$4<=PARAMETER!$X$2,SUMIF('2026 T'!$E:$E,PerPM!$A18,'2026 T'!U:U)/PARAMETER!$T$3,"") | V18: =IF(V$4<=PARAMETER!$X$2,SUMIF('2026 T'!$E:$E,PerPM!$A18,'2026 T'!V:V)/PARAMETER!$T$3,"") | W18: =IF(W$4<=PARAMETER!$X$2,SUMIF('2026 T'!$E:$E,PerPM!$A18,'2026 T'!W:W)/PARAMETER!$T$3,"") | X18: =IF(X$4<=PARAMETER!$X$2,SUMIF('2026 T'!$E:$E,PerPM!$A18,'2026 T'!X:X)/PARAMETER!$T$3,"") | Y18: =IF(Y$4<=PARAMETER!$X$2,SUMIF('2026 T'!$E:$E,PerPM!$A18,'2026 T'!Y:Y)/PARAMETER!$T$3,"") | Z18: =IF(Z$4<=PARAMETER!$X$2,SUMIF('2026 T'!$E:$E,PerPM!$A18,'2026 T'!Z:Z)/PARAMETER!$T$3,"") | AA18: =IF(AA$4<=PARAMETER!$X$2,SUMIF('2026 T'!$E:$E,PerPM!$A18,'2026 T'!AA:AA)/PARAMETER!$T$3,"") | AB18: =IF(AB$4<=PARAMETER!$X$2,SUMIF('2026 T'!$E:$E,PerPM!$A18,'2026 T'!AB:AB)/PARAMETER!$T$3,"") | AC18: =IF(AC$4<=PARAMETER!$X$2,SUMIF('2026 T'!$E:$E,PerPM!$A18,'2026 T'!AC:AC)/PARAMETER!$T$3,"") | AD18: =IF(AD$4<=PARAMETER!$X$2,SUMIF('2026 T'!$E:$E,PerPM!$A18,'2026 T'!AD:AD)/PARAMETER!$T$3,"") | AE18: =IF(AE$4<=PARAMETER!$X$2,SUMIF('2026 T'!$E:$E,PerPM!$A18,'2026 T'!AE:AE)/PARAMETER!$T$3,"") | AF18: =IF(AF$4<=PARAMETER!$X$2,SUMIF('2026 T'!$E:$E,PerPM!$A18,'2026 T'!AF:AF)/PARAMETER!$T$3,"") | AG18: =IF(AG$4<=PARAMETER!$X$2,SUMIF('2026 T'!$E:$E,PerPM!$A18,'2026 T'!AG:AG)/PARAMETER!$T$3,"") | AH18: =IF(AH$4<=PARAMETER!$X$2,SUMIF('2026 T'!$E:$E,PerPM!$A18,'2026 T'!AH:AH)/PARAMETER!$T$3,"") | AI18: =IF(AI$4<=PARAMETER!$X$2,SUMIF('2026 T'!$E:$E,PerPM!$A18,'2026 T'!AI:AI)/PARAMETER!$T$3,"") | AJ18: =IF(AJ$4<=PARAMETER!$X$2,SUMIF('2026 T'!$E:$E,PerPM!$A18,'2026 T'!AJ:AJ)/PARAMETER!$T$3,"") | AK18: =IF(AK$4<=PARAMETER!$X$2,SUMIF('2026 T'!$E:$E,PerPM!$A18,'2026 T'!AK:AK)/PARAMETER!$T$3,"") | AL18: =IF(AL$4<=PARAMETER!$X$2,SUMIF('2026 T'!$E:$E,PerPM!$A18,'2026 T'!AL:AL)/PARAMETER!$T$3,"") | AM18: =IF(AM$4<=PARAMETER!$X$2,SUMIF('2026 T'!$E:$E,PerPM!$A18,'2026 T'!AM:AM)/PARAMETER!$T$3,"") | AN18: =IF(AN$4<=PARAMETER!$X$2,SUMIF('2026 T'!$E:$E,PerPM!$A18,'2026 T'!AN:AN)/PARAMETER!$T$3,"") | AO18: =IF(AO$4<=PARAMETER!$X$2,SUMIF('2026 T'!$E:$E,PerPM!$A18,'2026 T'!AO:AO)/PARAMETER!$T$3,"") | AP18: =IF(AP$4<=PARAMETER!$X$2,SUMIF('2026 T'!$E:$E,PerPM!$A18,'2026 T'!AP:AP)/PARAMETER!$T$3,"") | AQ18: =IF(AQ$4<=PARAMETER!$X$2,SUMIF('2026 T'!$E:$E,PerPM!$A18,'2026 T'!AQ:AQ)/PARAMETER!$T$3,"") | AR18: =IF(AR$4<=PARAMETER!$X$2,SUMIF('2026 T'!$E:$E,PerPM!$A18,'2026 T'!AR:AR)/PARAMETER!$T$3,"") | AS18: =IF(AS$4<=PARAMETER!$X$2,SUMIF('2026 T'!$E:$E,PerPM!$A18,'2026 T'!AS:AS)/PARAMETER!$T$3,"") | AT18: =IF(AT$4<=PARAMETER!$X$2,SUMIF('2026 T'!$E:$E,PerPM!$A18,'2026 T'!AT:AT)/PARAMETER!$T$3,"") | AU18: =IF(AU$4<=PARAMETER!$X$2,SUMIF('2026 T'!$E:$E,PerPM!$A18,'2026 T'!AU:AU)/PARAMETER!$T$3,"") | AV18: =IF(AV$4<=PARAMETER!$X$2,SUMIF('2026 T'!$E:$E,PerPM!$A18,'2026 T'!AV:AV)/PARAMETER!$T$3,"") | AW18: =IF(AW$4<=PARAMETER!$X$2,SUMIF('2026 T'!$E:$E,PerPM!$A18,'2026 T'!AW:AW)/PARAMETER!$T$3,"") | AX18: =IF(AX$4<=PARAMETER!$X$2,SUMIF('2026 T'!$E:$E,PerPM!$A18,'2026 T'!AX:AX)/PARAMETER!$T$3,"") | AY18: =IF(AY$4<=PARAMETER!$X$2,SUMIF('2026 T'!$E:$E,PerPM!$A18,'2026 T'!AY:AY)/PARAMETER!$T$3,"") | AZ18: =IF(AZ$4<=PARAMETER!$X$2,SUMIF('2026 T'!$E:$E,PerPM!$A18,'2026 T'!AZ:AZ)/PARAMETER!$T$3,"") | BA18: =IF(BA$4<=PARAMETER!$X$2,SUMIF('2026 T'!$E:$E,PerPM!$A18,'2026 T'!BA:BA)/PARAMETER!$T$3,"") | BB18: =IF(BB$4<=PARAMETER!$X$2,SUMIF('2026 T'!$E:$E,PerPM!$A18,'2026 T'!BB:BB)/PARAMETER!$T$3,"") | BC18: =IF(BC$4<=PARAMETER!$X$2,SUMIF('2026 T'!$E:$E,PerPM!$A18,'2026 T'!BC:BC)/PARAMETER!$T$3,"") | BD18: =IF(BD$4<=PARAMETER!$X$2,SUMIF('2026 T'!$E:$E,PerPM!$A18,'2026 T'!BD:BD)/PARAMETER!$T$3,"") | BE18: =IF(BE$4<=PARAMETER!$X$2,SUMIF('2026 T'!$E:$E,PerPM!$A18,'2026 T'!BE:BE)/PARAMETER!$T$3,"") | BF18: =IF(BF$4<=PARAMETER!$X$2,SUMIF('2026 T'!$E:$E,PerPM!$A18,'2026 T'!BF:BF)/PARAMETER!$T$3,"") | BG18: =IF(BG$4<=PARAMETER!$X$2,SUMIF('2026 T'!$E:$E,PerPM!$A18,'2026 T'!BG:BG)/PARAMETER!$T$3,"") | BH18: =IF(BH$4<=PARAMETER!$X$2,SUMIF('2026 T'!$E:$E,PerPM!$A18,'2026 T'!BH:BH)/PARAMETER!$T$3,"") | BI18: =IF(BI$4<=PARAMETER!$X$2,SUMIF('2026 T'!$E:$E,PerPM!$A18,'2026 T'!BI:BI)/PARAMETER!$T$3,"")
A19: =CONCATENATE(B19,PARAMETER!T$2) -> NINAVOL | B19: =B18 -> NINA | C19: YoY (%) | D19: =H19/H20-1 -> 4627.3853 | E19: =IF(D19>300%,300%,D19) -> 3 | F19: =F15 -> 2026 | G19: =IF(G$4<=PARAMETER!$X$2,SUMIF('2026'!$E:$E,PerPM!$A18,'2026'!G:G)/PARAMETER!$T$3,"") -> 3.3958032e+08 | H19: =IF(H$4<=PARAMETER!$X$2,SUMIF('2026'!$E:$E,PerPM!$A18,'2026'!H:H)/PARAMETER!$T$3,"") -> 3.395186e+08 | I19: =IF(I$4<=PARAMETER!$X$2,SUMIF('2026'!$E:$E,PerPM!$A18,'2026'!I:I)/PARAMETER!$T$3,"") -> 183.58227 | J19: =IF(J$4<=PARAMETER!$X$2,SUMIF('2026'!$E:$E,PerPM!$A18,'2026'!J:J)/PARAMETER!$T$3,"") -> 177.94041 | K19: =IF(K$4<=PARAMETER!$X$2,SUMIF('2026'!$E:$E,PerPM!$A18,'2026'!K:K)/PARAMETER!$T$3,"") -> 0 | L19: =IF(L$4<=PARAMETER!$X$2,SUMIF('2026'!$E:$E,PerPM!$A18,'2026'!L:L)/PARAMETER!$T$3,"") -> 208.35063 | M19: =IF(M$4<=PARAMETER!$X$2,SUMIF('2026'!$E:$E,PerPM!$A18,'2026'!M:M)/PARAMETER!$T$3,"") -> 165.62353 | N19: =IF(N$4<=PARAMETER!$X$2,SUMIF('2026'!$E:$E,PerPM!$A18,'2026'!N:N)/PARAMETER!$T$3,"") -> 200.19594 | O19: =IF(O$4<=PARAMETER!$X$2,SUMIF('2026'!$E:$E,PerPM!$A18,'2026'!O:O)/PARAMETER!$T$3,"") -> 170.30831 | P19: =IF(P$4<=PARAMETER!$X$2,SUMIF('2026'!$E:$E,PerPM!$A18,'2026'!P:P)/PARAMETER!$T$3,"") -> 206.23438 | Q19: =IF(Q$4<=PARAMETER!$X$2,SUMIF('2026'!$E:$E,PerPM!$A18,'2026'!Q:Q)/PARAMETER!$T$3,"") -> 2.0591655e+08 | R19: =IF(R$4<=PARAMETER!$X$2,SUMIF('2026'!$E:$E,PerPM!$A18,'2026'!R:R)/PARAMETER!$T$3,"") -> 72530809 | S19: =IF(S$4<=PARAMETER!$X$2,SUMIF('2026'!$E:$E,PerPM!$A18,'2026'!S:S)/PARAMETER!$T$3,"") -> 61069725 | T19: =IF(T$4<=PARAMETER!$X$2,SUMIF('2026'!$E:$E,PerPM!$A18,'2026'!T:T)/PARAMETER!$T$3,"") -> 201.29233 | U19: =IF(U$4<=PARAMETER!$X$2,SUMIF('2026'!$E:$E,PerPM!$A18,'2026'!U:U)/PARAMETER!$T$3,"") | V19: =IF(V$4<=PARAMETER!$X$2,SUMIF('2026'!$E:$E,PerPM!$A18,'2026'!V:V)/PARAMETER!$T$3,"") | W19: =IF(W$4<=PARAMETER!$X$2,SUMIF('2026'!$E:$E,PerPM!$A18,'2026'!W:W)/PARAMETER!$T$3,"") | X19: =IF(X$4<=PARAMETER!$X$2,SUMIF('2026'!$E:$E,PerPM!$A18,'2026'!X:X)/PARAMETER!$T$3,"") | Y19: =IF(Y$4<=PARAMETER!$X$2,SUMIF('2026'!$E:$E,PerPM!$A18,'2026'!Y:Y)/PARAMETER!$T$3,"") | Z19: =IF(Z$4<=PARAMETER!$X$2,SUMIF('2026'!$E:$E,PerPM!$A18,'2026'!Z:Z)/PARAMETER!$T$3,"") | AA19: =IF(AA$4<=PARAMETER!$X$2,SUMIF('2026'!$E:$E,PerPM!$A18,'2026'!AA:AA)/PARAMETER!$T$3,"") | AB19: =IF(AB$4<=PARAMETER!$X$2,SUMIF('2026'!$E:$E,PerPM!$A18,'2026'!AB:AB)/PARAMETER!$T$3,"") | AC19: =IF(AC$4<=PARAMETER!$X$2,SUMIF('2026'!$E:$E,PerPM!$A18,'2026'!AC:AC)/PARAMETER!$T$3,"") | AD19: =IF(AD$4<=PARAMETER!$X$2,SUMIF('2026'!$E:$E,PerPM!$A18,'2026'!AD:AD)/PARAMETER!$T$3,"") | AE19: =IF(AE$4<=PARAMETER!$X$2,SUMIF('2026'!$E:$E,PerPM!$A18,'2026'!AE:AE)/PARAMETER!$T$3,"") | AF19: =IF(AF$4<=PARAMETER!$X$2,SUMIF('2026'!$E:$E,PerPM!$A18,'2026'!AF:AF)/PARAMETER!$T$3,"") | AG19: =IF(AG$4<=PARAMETER!$X$2,SUMIF('2026'!$E:$E,PerPM!$A18,'2026'!AG:AG)/PARAMETER!$T$3,"") | AH19: =IF(AH$4<=PARAMETER!$X$2,SUMIF('2026'!$E:$E,PerPM!$A18,'2026'!AH:AH)/PARAMETER!$T$3,"") | AI19: =IF(AI$4<=PARAMETER!$X$2,SUMIF('2026'!$E:$E,PerPM!$A18,'2026'!AI:AI)/PARAMETER!$T$3,"") | AJ19: =IF(AJ$4<=PARAMETER!$X$2,SUMIF('2026'!$E:$E,PerPM!$A18,'2026'!AJ:AJ)/PARAMETER!$T$3,"") | AK19: =IF(AK$4<=PARAMETER!$X$2,SUMIF('2026'!$E:$E,PerPM!$A18,'2026'!AK:AK)/PARAMETER!$T$3,"") | AL19: =IF(AL$4<=PARAMETER!$X$2,SUMIF('2026'!$E:$E,PerPM!$A18,'2026'!AL:AL)/PARAMETER!$T$3,"") | AM19: =IF(AM$4<=PARAMETER!$X$2,SUMIF('2026'!$E:$E,PerPM!$A18,'2026'!AM:AM)/PARAMETER!$T$3,"") | AN19: =IF(AN$4<=PARAMETER!$X$2,SUMIF('2026'!$E:$E,PerPM!$A18,'2026'!AN:AN)/PARAMETER!$T$3,"") | AO19: =IF(AO$4<=PARAMETER!$X$2,SUMIF('2026'!$E:$E,PerPM!$A18,'2026'!AO:AO)/PARAMETER!$T$3,"") | AP19: =IF(AP$4<=PARAMETER!$X$2,SUMIF('2026'!$E:$E,PerPM!$A18,'2026'!AP:AP)/PARAMETER!$T$3,"") | AQ19: =IF(AQ$4<=PARAMETER!$X$2,SUMIF('2026'!$E:$E,PerPM!$A18,'2026'!AQ:AQ)/PARAMETER!$T$3,"") | AR19: =IF(AR$4<=PARAMETER!$X$2,SUMIF('2026'!$E:$E,PerPM!$A18,'2026'!AR:AR)/PARAMETER!$T$3,"") | AS19: =IF(AS$4<=PARAMETER!$X$2,SUMIF('2026'!$E:$E,PerPM!$A18,'2026'!AS:AS)/PARAMETER!$T$3,"") | AT19: =IF(AT$4<=PARAMETER!$X$2,SUMIF('2026'!$E:$E,PerPM!$A18,'2026'!AT:AT)/PARAMETER!$T$3,"") | AU19: =IF(AU$4<=PARAMETER!$X$2,SUMIF('2026'!$E:$E,PerPM!$A18,'2026'!AU:AU)/PARAMETER!$T$3,"") | AV19: =IF(AV$4<=PARAMETER!$X$2,SUMIF('2026'!$E:$E,PerPM!$A18,'2026'!AV:AV)/PARAMETER!$T$3,"") | AW19: =IF(AW$4<=PARAMETER!$X$2,SUMIF('2026'!$E:$E,PerPM!$A18,'2026'!AW:AW)/PARAMETER!$T$3,"") | AX19: =IF(AX$4<=PARAMETER!$X$2,SUMIF('2026'!$E:$E,PerPM!$A18,'2026'!AX:AX)/PARAMETER!$T$3,"") | AY19: =IF(AY$4<=PARAMETER!$X$2,SUMIF('2026'!$E:$E,PerPM!$A18,'2026'!AY:AY)/PARAMETER!$T$3,"") | AZ19: =IF(AZ$4<=PARAMETER!$X$2,SUMIF('2026'!$E:$E,PerPM!$A18,'2026'!AZ:AZ)/PARAMETER!$T$3,"") | BA19: =IF(BA$4<=PARAMETER!$X$2,SUMIF('2026'!$E:$E,PerPM!$A18,'2026'!BA:BA)/PARAMETER!$T$3,"") | BB19: =IF(BB$4<=PARAMETER!$X$2,SUMIF('2026'!$E:$E,PerPM!$A18,'2026'!BB:BB)/PARAMETER!$T$3,"") | BC19: =IF(BC$4<=PARAMETER!$X$2,SUMIF('2026'!$E:$E,PerPM!$A18,'2026'!BC:BC)/PARAMETER!$T$3,"") | BD19: =IF(BD$4<=PARAMETER!$X$2,SUMIF('2026'!$E:$E,PerPM!$A18,'2026'!BD:BD)/PARAMETER!$T$3,"") | BE19: =IF(BE$4<=PARAMETER!$X$2,SUMIF('2026'!$E:$E,PerPM!$A18,'2026'!BE:BE)/PARAMETER!$T$3,"") | BF19: =IF(BF$4<=PARAMETER!$X$2,SUMIF('2026'!$E:$E,PerPM!$A18,'2026'!BF:BF)/PARAMETER!$T$3,"") | BG19: =IF(BG$4<=PARAMETER!$X$2,SUMIF('2026'!$E:$E,PerPM!$A18,'2026'!BG:BG)/PARAMETER!$T$3,"") | BH19: =IF(BH$4<=PARAMETER!$X$2,SUMIF('2026'!$E:$E,PerPM!$A18,'2026'!BH:BH)/PARAMETER!$T$3,"") | BI19: =IF(BI$4<=PARAMETER!$X$2,SUMIF('2026'!$E:$E,PerPM!$A18,'2026'!BI:BI)/PARAMETER!$T$3,"")
A20: =CONCATENATE(B20,PARAMETER!T$2) -> NINAVOL | B20: =B19 -> NINA | C20: YoY (%) | D20: =H20/H21-1 -> 1.1756094 | E20: =IF(D20>300%,300%,D20) -> 1.1756094 | F20: =F16 -> 2025 | G20: =IF(G$4<=PARAMETER!$X$2,SUMIF('2025'!$E:$E,PerPM!$A19,'2025'!G:G)/PARAMETER!$T$3,"") -> 367270.03 | H20: =IF(H$4<=PARAMETER!$X$2,SUMIF('2025'!$E:$E,PerPM!$A19,'2025'!H:H)/PARAMETER!$T$3,"") -> 73355.734 | I20: =IF(I$4<=PARAMETER!$X$2,SUMIF('2025'!$E:$E,PerPM!$A19,'2025'!I:I)/PARAMETER!$T$3,"") -> 4642.1209 | J20: =IF(J$4<=PARAMETER!$X$2,SUMIF('2025'!$E:$E,PerPM!$A19,'2025'!J:J)/PARAMETER!$T$3,"") -> 3928.0331 | K20: =IF(K$4<=PARAMETER!$X$2,SUMIF('2025'!$E:$E,PerPM!$A19,'2025'!K:K)/PARAMETER!$T$3,"") -> 3908.0346 | L20: =IF(L$4<=PARAMETER!$X$2,SUMIF('2025'!$E:$E,PerPM!$A19,'2025'!L:L)/PARAMETER!$T$3,"") -> 4678.4553 | M20: =IF(M$4<=PARAMETER!$X$2,SUMIF('2025'!$E:$E,PerPM!$A19,'2025'!M:M)/PARAMETER!$T$3,"") -> 4706.7965 | N20: =IF(N$4<=PARAMETER!$X$2,SUMIF('2025'!$E:$E,PerPM!$A19,'2025'!N:N)/PARAMETER!$T$3,"") -> 4359.8524 | O20: =IF(O$4<=PARAMETER!$X$2,SUMIF('2025'!$E:$E,PerPM!$A19,'2025'!O:O)/PARAMETER!$T$3,"") -> 4230.5787 | P20: =IF(P$4<=PARAMETER!$X$2,SUMIF('2025'!$E:$E,PerPM!$A19,'2025'!P:P)/PARAMETER!$T$3,"") -> 7444.4498 | Q20: =IF(Q$4<=PARAMETER!$X$2,SUMIF('2025'!$E:$E,PerPM!$A19,'2025'!Q:Q)/PARAMETER!$T$3,"") -> 8721.5919 | R20: =IF(R$4<=PARAMETER!$X$2,SUMIF('2025'!$E:$E,PerPM!$A19,'2025'!R:R)/PARAMETER!$T$3,"") -> 7641.6606 | S20: =IF(S$4<=PARAMETER!$X$2,SUMIF('2025'!$E:$E,PerPM!$A19,'2025'!S:S)/PARAMETER!$T$3,"") -> 8603.3798 | T20: =IF(T$4<=PARAMETER!$X$2,SUMIF('2025'!$E:$E,PerPM!$A19,'2025'!T:T)/PARAMETER!$T$3,"") -> 10490.78 | U20: =IF(U$4<=PARAMETER!$X$2,SUMIF('2025'!$E:$E,PerPM!$A19,'2025'!U:U)/PARAMETER!$T$3,"") | V20: =IF(V$4<=PARAMETER!$X$2,SUMIF('2025'!$E:$E,PerPM!$A19,'2025'!V:V)/PARAMETER!$T$3,"") | W20: =IF(W$4<=PARAMETER!$X$2,SUMIF('2025'!$E:$E,PerPM!$A19,'2025'!W:W)/PARAMETER!$T$3,"") | X20: =IF(X$4<=PARAMETER!$X$2,SUMIF('2025'!$E:$E,PerPM!$A19,'2025'!X:X)/PARAMETER!$T$3,"") | Y20: =IF(Y$4<=PARAMETER!$X$2,SUMIF('2025'!$E:$E,PerPM!$A19,'2025'!Y:Y)/PARAMETER!$T$3,"") | Z20: =IF(Z$4<=PARAMETER!$X$2,SUMIF('2025'!$E:$E,PerPM!$A19,'2025'!Z:Z)/PARAMETER!$T$3,"") | AA20: =IF(AA$4<=PARAMETER!$X$2,SUMIF('2025'!$E:$E,PerPM!$A19,'2025'!AA:AA)/PARAMETER!$T$3,"") | AB20: =IF(AB$4<=PARAMETER!$X$2,SUMIF('2025'!$E:$E,PerPM!$A19,'2025'!AB:AB)/PARAMETER!$T$3,"") | AC20: =IF(AC$4<=PARAMETER!$X$2,SUMIF('2025'!$E:$E,PerPM!$A19,'2025'!AC:AC)/PARAMETER!$T$3,"") | AD20: =IF(AD$4<=PARAMETER!$X$2,SUMIF('2025'!$E:$E,PerPM!$A19,'2025'!AD:AD)/PARAMETER!$T$3,"") | AE20: =IF(AE$4<=PARAMETER!$X$2,SUMIF('2025'!$E:$E,PerPM!$A19,'2025'!AE:AE)/PARAMETER!$T$3,"") | AF20: =IF(AF$4<=PARAMETER!$X$2,SUMIF('2025'!$E:$E,PerPM!$A19,'2025'!AF:AF)/PARAMETER!$T$3,"") | AG20: =IF(AG$4<=PARAMETER!$X$2,SUMIF('2025'!$E:$E,PerPM!$A19,'2025'!AG:AG)/PARAMETER!$T$3,"") | AH20: =IF(AH$4<=PARAMETER!$X$2,SUMIF('2025'!$E:$E,PerPM!$A19,'2025'!AH:AH)/PARAMETER!$T$3,"") | AI20: =IF(AI$4<=PARAMETER!$X$2,SUMIF('2025'!$E:$E,PerPM!$A19,'2025'!AI:AI)/PARAMETER!$T$3,"") | AJ20: =IF(AJ$4<=PARAMETER!$X$2,SUMIF('2025'!$E:$E,PerPM!$A19,'2025'!AJ:AJ)/PARAMETER!$T$3,"") | AK20: =IF(AK$4<=PARAMETER!$X$2,SUMIF('2025'!$E:$E,PerPM!$A19,'2025'!AK:AK)/PARAMETER!$T$3,"") | AL20: =IF(AL$4<=PARAMETER!$X$2,SUMIF('2025'!$E:$E,PerPM!$A19,'2025'!AL:AL)/PARAMETER!$T$3,"") | AM20: =IF(AM$4<=PARAMETER!$X$2,SUMIF('2025'!$E:$E,PerPM!$A19,'2025'!AM:AM)/PARAMETER!$T$3,"") | AN20: =IF(AN$4<=PARAMETER!$X$2,SUMIF('2025'!$E:$E,PerPM!$A19,'2025'!AN:AN)/PARAMETER!$T$3,"") | AO20: =IF(AO$4<=PARAMETER!$X$2,SUMIF('2025'!$E:$E,PerPM!$A19,'2025'!AO:AO)/PARAMETER!$T$3,"") | AP20: =IF(AP$4<=PARAMETER!$X$2,SUMIF('2025'!$E:$E,PerPM!$A19,'2025'!AP:AP)/PARAMETER!$T$3,"") | AQ20: =IF(AQ$4<=PARAMETER!$X$2,SUMIF('2025'!$E:$E,PerPM!$A19,'2025'!AQ:AQ)/PARAMETER!$T$3,"") | AR20: =IF(AR$4<=PARAMETER!$X$2,SUMIF('2025'!$E:$E,PerPM!$A19,'2025'!AR:AR)/PARAMETER!$T$3,"") | AS20: =IF(AS$4<=PARAMETER!$X$2,SUMIF('2025'!$E:$E,PerPM!$A19,'2025'!AS:AS)/PARAMETER!$T$3,"") | AT20: =IF(AT$4<=PARAMETER!$X$2,SUMIF('2025'!$E:$E,PerPM!$A19,'2025'!AT:AT)/PARAMETER!$T$3,"") | AU20: =IF(AU$4<=PARAMETER!$X$2,SUMIF('2025'!$E:$E,PerPM!$A19,'2025'!AU:AU)/PARAMETER!$T$3,"") | AV20: =IF(AV$4<=PARAMETER!$X$2,SUMIF('2025'!$E:$E,PerPM!$A19,'2025'!AV:AV)/PARAMETER!$T$3,"") | AW20: =IF(AW$4<=PARAMETER!$X$2,SUMIF('2025'!$E:$E,PerPM!$A19,'2025'!AW:AW)/PARAMETER!$T$3,"") | AX20: =IF(AX$4<=PARAMETER!$X$2,SUMIF('2025'!$E:$E,PerPM!$A19,'2025'!AX:AX)/PARAMETER!$T$3,"") | AY20: =IF(AY$4<=PARAMETER!$X$2,SUMIF('2025'!$E:$E,PerPM!$A19,'2025'!AY:AY)/PARAMETER!$T$3,"") | AZ20: =IF(AZ$4<=PARAMETER!$X$2,SUMIF('2025'!$E:$E,PerPM!$A19,'2025'!AZ:AZ)/PARAMETER!$T$3,"") | BA20: =IF(BA$4<=PARAMETER!$X$2,SUMIF('2025'!$E:$E,PerPM!$A19,'2025'!BA:BA)/PARAMETER!$T$3,"") | BB20: =IF(BB$4<=PARAMETER!$X$2,SUMIF('2025'!$E:$E,PerPM!$A19,'2025'!BB:BB)/PARAMETER!$T$3,"") | BC20: =IF(BC$4<=PARAMETER!$X$2,SUMIF('2025'!$E:$E,PerPM!$A19,'2025'!BC:BC)/PARAMETER!$T$3,"") | BD20: =IF(BD$4<=PARAMETER!$X$2,SUMIF('2025'!$E:$E,PerPM!$A19,'2025'!BD:BD)/PARAMETER!$T$3,"") | BE20: =IF(BE$4<=PARAMETER!$X$2,SUMIF('2025'!$E:$E,PerPM!$A19,'2025'!BE:BE)/PARAMETER!$T$3,"") | BF20: =IF(BF$4<=PARAMETER!$X$2,SUMIF('2025'!$E:$E,PerPM!$A19,'2025'!BF:BF)/PARAMETER!$T$3,"") | BG20: =IF(BG$4<=PARAMETER!$X$2,SUMIF('2025'!$E:$E,PerPM!$A19,'2025'!BG:BG)/PARAMETER!$T$3,"") | BH20: =IF(BH$4<=PARAMETER!$X$2,SUMIF('2025'!$E:$E,PerPM!$A19,'2025'!BH:BH)/PARAMETER!$T$3,"") | BI20: =IF(BI$4<=PARAMETER!$X$2,SUMIF('2025'!$E:$E,PerPM!$A19,'2025'!BI:BI)/PARAMETER!$T$3,"")
A21: =CONCATENATE(B21,PARAMETER!T$2) -> NINAVOL | B21: =B19 -> NINA | F21: =F17 -> 2024 | G21: =IF(G$4<=PARAMETER!$X$2,SUMIF('2024'!$E:$E,PerPM!$A18,'2024'!G:G)/PARAMETER!$T$3,"") -> 177032.76 | H21: =IF(H$4<=PARAMETER!$X$2,SUMIF('2024'!$E:$E,PerPM!$A18,'2024'!H:H)/PARAMETER!$T$3,"") -> 33717.327 | I21: =IF(I$4<=PARAMETER!$X$2,SUMIF('2024'!$E:$E,PerPM!$A18,'2024'!I:I)/PARAMETER!$T$3,"") -> 2420.7037 | J21: =IF(J$4<=PARAMETER!$X$2,SUMIF('2024'!$E:$E,PerPM!$A18,'2024'!J:J)/PARAMETER!$T$3,"") -> 2254.4403 | K21: =IF(K$4<=PARAMETER!$X$2,SUMIF('2024'!$E:$E,PerPM!$A18,'2024'!K:K)/PARAMETER!$T$3,"") -> 2354.455 | L21: =IF(L$4<=PARAMETER!$X$2,SUMIF('2024'!$E:$E,PerPM!$A18,'2024'!L:L)/PARAMETER!$T$3,"") -> 2791.1607 | M21: =IF(M$4<=PARAMETER!$X$2,SUMIF('2024'!$E:$E,PerPM!$A18,'2024'!M:M)/PARAMETER!$T$3,"") -> 2779.7873 | N21: =IF(N$4<=PARAMETER!$X$2,SUMIF('2024'!$E:$E,PerPM!$A18,'2024'!N:N)/PARAMETER!$T$3,"") -> 2816.469 | O21: =IF(O$4<=PARAMETER!$X$2,SUMIF('2024'!$E:$E,PerPM!$A18,'2024'!O:O)/PARAMETER!$T$3,"") -> 2646.8318 | P21: =IF(P$4<=PARAMETER!$X$2,SUMIF('2024'!$E:$E,PerPM!$A18,'2024'!P:P)/PARAMETER!$T$3,"") -> 2772.4104 | Q21: =IF(Q$4<=PARAMETER!$X$2,SUMIF('2024'!$E:$E,PerPM!$A18,'2024'!Q:Q)/PARAMETER!$T$3,"") -> 3243.875 | R21: =IF(R$4<=PARAMETER!$X$2,SUMIF('2024'!$E:$E,PerPM!$A18,'2024'!R:R)/PARAMETER!$T$3,"") -> 3308.8299 | S21: =IF(S$4<=PARAMETER!$X$2,SUMIF('2024'!$E:$E,PerPM!$A18,'2024'!S:S)/PARAMETER!$T$3,"") -> 3203.9467 | T21: =IF(T$4<=PARAMETER!$X$2,SUMIF('2024'!$E:$E,PerPM!$A18,'2024'!T:T)/PARAMETER!$T$3,"") -> 3124.4167 | U21: =IF(U$4<=PARAMETER!$X$2,SUMIF('2024'!$E:$E,PerPM!$A18,'2024'!U:U)/PARAMETER!$T$3,"") | V21: =IF(V$4<=PARAMETER!$X$2,SUMIF('2024'!$E:$E,PerPM!$A18,'2024'!V:V)/PARAMETER!$T$3,"") | W21: =IF(W$4<=PARAMETER!$X$2,SUMIF('2024'!$E:$E,PerPM!$A18,'2024'!W:W)/PARAMETER!$T$3,"") | X21: =IF(X$4<=PARAMETER!$X$2,SUMIF('2024'!$E:$E,PerPM!$A18,'2024'!X:X)/PARAMETER!$T$3,"") | Y21: =IF(Y$4<=PARAMETER!$X$2,SUMIF('2024'!$E:$E,PerPM!$A18,'2024'!Y:Y)/PARAMETER!$T$3,"") | Z21: =IF(Z$4<=PARAMETER!$X$2,SUMIF('2024'!$E:$E,PerPM!$A18,'2024'!Z:Z)/PARAMETER!$T$3,"") | AA21: =IF(AA$4<=PARAMETER!$X$2,SUMIF('2024'!$E:$E,PerPM!$A18,'2024'!AA:AA)/PARAMETER!$T$3,"") | AB21: =IF(AB$4<=PARAMETER!$X$2,SUMIF('2024'!$E:$E,PerPM!$A18,'2024'!AB:AB)/PARAMETER!$T$3,"") | AC21: =IF(AC$4<=PARAMETER!$X$2,SUMIF('2024'!$E:$E,PerPM!$A18,'2024'!AC:AC)/PARAMETER!$T$3,"") | AD21: =IF(AD$4<=PARAMETER!$X$2,SUMIF('2024'!$E:$E,PerPM!$A18,'2024'!AD:AD)/PARAMETER!$T$3,"") | AE21: =IF(AE$4<=PARAMETER!$X$2,SUMIF('2024'!$E:$E,PerPM!$A18,'2024'!AE:AE)/PARAMETER!$T$3,"") | AF21: =IF(AF$4<=PARAMETER!$X$2,SUMIF('2024'!$E:$E,PerPM!$A18,'2024'!AF:AF)/PARAMETER!$T$3,"") | AG21: =IF(AG$4<=PARAMETER!$X$2,SUMIF('2024'!$E:$E,PerPM!$A18,'2024'!AG:AG)/PARAMETER!$T$3,"") | AH21: =IF(AH$4<=PARAMETER!$X$2,SUMIF('2024'!$E:$E,PerPM!$A18,'2024'!AH:AH)/PARAMETER!$T$3,"") | AI21: =IF(AI$4<=PARAMETER!$X$2,SUMIF('2024'!$E:$E,PerPM!$A18,'2024'!AI:AI)/PARAMETER!$T$3,"") | AJ21: =IF(AJ$4<=PARAMETER!$X$2,SUMIF('2024'!$E:$E,PerPM!$A18,'2024'!AJ:AJ)/PARAMETER!$T$3,"") | AK21: =IF(AK$4<=PARAMETER!$X$2,SUMIF('2024'!$E:$E,PerPM!$A18,'2024'!AK:AK)/PARAMETER!$T$3,"") | AL21: =IF(AL$4<=PARAMETER!$X$2,SUMIF('2024'!$E:$E,PerPM!$A18,'2024'!AL:AL)/PARAMETER!$T$3,"") | AM21: =IF(AM$4<=PARAMETER!$X$2,SUMIF('2024'!$E:$E,PerPM!$A18,'2024'!AM:AM)/PARAMETER!$T$3,"") | AN21: =IF(AN$4<=PARAMETER!$X$2,SUMIF('2024'!$E:$E,PerPM!$A18,'2024'!AN:AN)/PARAMETER!$T$3,"") | AO21: =IF(AO$4<=PARAMETER!$X$2,SUMIF('2024'!$E:$E,PerPM!$A18,'2024'!AO:AO)/PARAMETER!$T$3,"") | AP21: =IF(AP$4<=PARAMETER!$X$2,SUMIF('2024'!$E:$E,PerPM!$A18,'2024'!AP:AP)/PARAMETER!$T$3,"") | AQ21: =IF(AQ$4<=PARAMETER!$X$2,SUMIF('2024'!$E:$E,PerPM!$A18,'2024'!AQ:AQ)/PARAMETER!$T$3,"") | AR21: =IF(AR$4<=PARAMETER!$X$2,SUMIF('2024'!$E:$E,PerPM!$A18,'2024'!AR:AR)/PARAMETER!$T$3,"") | AS21: =IF(AS$4<=PARAMETER!$X$2,SUMIF('2024'!$E:$E,PerPM!$A18,'2024'!AS:AS)/PARAMETER!$T$3,"") | AT21: =IF(AT$4<=PARAMETER!$X$2,SUMIF('2024'!$E:$E,PerPM!$A18,'2024'!AT:AT)/PARAMETER!$T$3,"") | AU21: =IF(AU$4<=PARAMETER!$X$2,SUMIF('2024'!$E:$E,PerPM!$A18,'2024'!AU:AU)/PARAMETER!$T$3,"") | AV21: =IF(AV$4<=PARAMETER!$X$2,SUMIF('2024'!$E:$E,PerPM!$A18,'2024'!AV:AV)/PARAMETER!$T$3,"") | AW21: =IF(AW$4<=PARAMETER!$X$2,SUMIF('2024'!$E:$E,PerPM!$A18,'2024'!AW:AW)/PARAMETER!$T$3,"") | AX21: =IF(AX$4<=PARAMETER!$X$2,SUMIF('2024'!$E:$E,PerPM!$A18,'2024'!AX:AX)/PARAMETER!$T$3,"") | AY21: =IF(AY$4<=PARAMETER!$X$2,SUMIF('2024'!$E:$E,PerPM!$A18,'2024'!AY:AY)/PARAMETER!$T$3,"") | AZ21: =IF(AZ$4<=PARAMETER!$X$2,SUMIF('2024'!$E:$E,PerPM!$A18,'2024'!AZ:AZ)/PARAMETER!$T$3,"") | BA21: =IF(BA$4<=PARAMETER!$X$2,SUMIF('2024'!$E:$E,PerPM!$A18,'2024'!BA:BA)/PARAMETER!$T$3,"") | BB21: =IF(BB$4<=PARAMETER!$X$2,SUMIF('2024'!$E:$E,PerPM!$A18,'2024'!BB:BB)/PARAMETER!$T$3,"") | BC21: =IF(BC$4<=PARAMETER!$X$2,SUMIF('2024'!$E:$E,PerPM!$A18,'2024'!BC:BC)/PARAMETER!$T$3,"") | BD21: =IF(BD$4<=PARAMETER!$X$2,SUMIF('2024'!$E:$E,PerPM!$A18,'2024'!BD:BD)/PARAMETER!$T$3,"") | BE21: =IF(BE$4<=PARAMETER!$X$2,SUMIF('2024'!$E:$E,PerPM!$A18,'2024'!BE:BE)/PARAMETER!$T$3,"") | BF21: =IF(BF$4<=PARAMETER!$X$2,SUMIF('2024'!$E:$E,PerPM!$A18,'2024'!BF:BF)/PARAMETER!$T$3,"") | BG21: =IF(BG$4<=PARAMETER!$X$2,SUMIF('2024'!$E:$E,PerPM!$A18,'2024'!BG:BG)/PARAMETER!$T$3,"") | BH21: =IF(BH$4<=PARAMETER!$X$2,SUMIF('2024'!$E:$E,PerPM!$A18,'2024'!BH:BH)/PARAMETER!$T$3,"") | BI21: =IF(BI$4<=PARAMETER!$X$2,SUMIF('2024'!$E:$E,PerPM!$A18,'2024'!BI:BI)/PARAMETER!$T$3,"")
A22: =CONCATENATE(B22,PARAMETER!T$2) -> RIFALDIVOL | B22: =PARAMETER!H4 -> RIFALDI | C22: Ach (%) | D22: =H23/H22 -> 627.90917 | E22: =IF(D22>300%,300%,D22) -> 3 | F22: =F18 -> Target | G22: =SUMIF('2026 T'!$E:$E,PerPM!$A22,'2026 T'!G:G)/PARAMETER!$T$3 -> 487510 | H22: =SUMIF('2026 T'!$E:$E,PerPM!$A22,'2026 T'!H:H)/PARAMETER!$T$3 -> 20579.602 | I22: =IF(I$4<=PARAMETER!$X$2,SUMIF('2026 T'!$E:$E,PerPM!$A22,'2026 T'!I:I)/PARAMETER!$T$3,"") -> 2497.0901 | J22: =IF(J$4<=PARAMETER!$X$2,SUMIF('2026 T'!$E:$E,PerPM!$A22,'2026 T'!J:J)/PARAMETER!$T$3,"") -> 2469.6751 | K22: =IF(K$4<=PARAMETER!$X$2,SUMIF('2026 T'!$E:$E,PerPM!$A22,'2026 T'!K:K)/PARAMETER!$T$3,"") -> 2176.6466 | L22: =IF(L$4<=PARAMETER!$X$2,SUMIF('2026 T'!$E:$E,PerPM!$A22,'2026 T'!L:L)/PARAMETER!$T$3,"") -> 2675.7301 | M22: =IF(M$4<=PARAMETER!$X$2,SUMIF('2026 T'!$E:$E,PerPM!$A22,'2026 T'!M:M)/PARAMETER!$T$3,"") -> 2552.8935 | N22: =IF(N$4<=PARAMETER!$X$2,SUMIF('2026 T'!$E:$E,PerPM!$A22,'2026 T'!N:N)/PARAMETER!$T$3,"") -> 2146.5567 | O22: =IF(O$4<=PARAMETER!$X$2,SUMIF('2026 T'!$E:$E,PerPM!$A22,'2026 T'!O:O)/PARAMETER!$T$3,"") -> 1851.116 | P22: =IF(P$4<=PARAMETER!$X$2,SUMIF('2026 T'!$E:$E,PerPM!$A22,'2026 T'!P:P)/PARAMETER!$T$3,"") -> 1510.1886 | Q22: =IF(Q$4<=PARAMETER!$X$2,SUMIF('2026 T'!$E:$E,PerPM!$A22,'2026 T'!Q:Q)/PARAMETER!$T$3,"") -> 2699.7053 | R22: =IF(R$4<=PARAMETER!$X$2,SUMIF('2026 T'!$E:$E,PerPM!$A22,'2026 T'!R:R)/PARAMETER!$T$3,"") -> 3345.0627 | S22: =IF(S$4<=PARAMETER!$X$2,SUMIF('2026 T'!$E:$E,PerPM!$A22,'2026 T'!S:S)/PARAMETER!$T$3,"") -> 4205.4533 | T22: =IF(T$4<=PARAMETER!$X$2,SUMIF('2026 T'!$E:$E,PerPM!$A22,'2026 T'!T:T)/PARAMETER!$T$3,"") -> 1372.3241 | U22: =IF(U$4<=PARAMETER!$X$2,SUMIF('2026 T'!$E:$E,PerPM!$A22,'2026 T'!U:U)/PARAMETER!$T$3,"") | V22: =IF(V$4<=PARAMETER!$X$2,SUMIF('2026 T'!$E:$E,PerPM!$A22,'2026 T'!V:V)/PARAMETER!$T$3,"") | W22: =IF(W$4<=PARAMETER!$X$2,SUMIF('2026 T'!$E:$E,PerPM!$A22,'2026 T'!W:W)/PARAMETER!$T$3,"") | X22: =IF(X$4<=PARAMETER!$X$2,SUMIF('2026 T'!$E:$E,PerPM!$A22,'2026 T'!X:X)/PARAMETER!$T$3,"") | Y22: =IF(Y$4<=PARAMETER!$X$2,SUMIF('2026 T'!$E:$E,PerPM!$A22,'2026 T'!Y:Y)/PARAMETER!$T$3,"") | Z22: =IF(Z$4<=PARAMETER!$X$2,SUMIF('2026 T'!$E:$E,PerPM!$A22,'2026 T'!Z:Z)/PARAMETER!$T$3,"") | AA22: =IF(AA$4<=PARAMETER!$X$2,SUMIF('2026 T'!$E:$E,PerPM!$A22,'2026 T'!AA:AA)/PARAMETER!$T$3,"") | AB22: =IF(AB$4<=PARAMETER!$X$2,SUMIF('2026 T'!$E:$E,PerPM!$A22,'2026 T'!AB:AB)/PARAMETER!$T$3,"") | AC22: =IF(AC$4<=PARAMETER!$X$2,SUMIF('2026 T'!$E:$E,PerPM!$A22,'2026 T'!AC:AC)/PARAMETER!$T$3,"") | AD22: =IF(AD$4<=PARAMETER!$X$2,SUMIF('2026 T'!$E:$E,PerPM!$A22,'2026 T'!AD:AD)/PARAMETER!$T$3,"") | AE22: =IF(AE$4<=PARAMETER!$X$2,SUMIF('2026 T'!$E:$E,PerPM!$A22,'2026 T'!AE:AE)/PARAMETER!$T$3,"") | AF22: =IF(AF$4<=PARAMETER!$X$2,SUMIF('2026 T'!$E:$E,PerPM!$A22,'2026 T'!AF:AF)/PARAMETER!$T$3,"") | AG22: =IF(AG$4<=PARAMETER!$X$2,SUMIF('2026 T'!$E:$E,PerPM!$A22,'2026 T'!AG:AG)/PARAMETER!$T$3,"") | AH22: =IF(AH$4<=PARAMETER!$X$2,SUMIF('2026 T'!$E:$E,PerPM!$A22,'2026 T'!AH:AH)/PARAMETER!$T$3,"") | AI22: =IF(AI$4<=PARAMETER!$X$2,SUMIF('2026 T'!$E:$E,PerPM!$A22,'2026 T'!AI:AI)/PARAMETER!$T$3,"") | AJ22: =IF(AJ$4<=PARAMETER!$X$2,SUMIF('2026 T'!$E:$E,PerPM!$A22,'2026 T'!AJ:AJ)/PARAMETER!$T$3,"") | AK22: =IF(AK$4<=PARAMETER!$X$2,SUMIF('2026 T'!$E:$E,PerPM!$A22,'2026 T'!AK:AK)/PARAMETER!$T$3,"") | AL22: =IF(AL$4<=PARAMETER!$X$2,SUMIF('2026 T'!$E:$E,PerPM!$A22,'2026 T'!AL:AL)/PARAMETER!$T$3,"") | AM22: =IF(AM$4<=PARAMETER!$X$2,SUMIF('2026 T'!$E:$E,PerPM!$A22,'2026 T'!AM:AM)/PARAMETER!$T$3,"") | AN22: =IF(AN$4<=PARAMETER!$X$2,SUMIF('2026 T'!$E:$E,PerPM!$A22,'2026 T'!AN:AN)/PARAMETER!$T$3,"") | AO22: =IF(AO$4<=PARAMETER!$X$2,SUMIF('2026 T'!$E:$E,PerPM!$A22,'2026 T'!AO:AO)/PARAMETER!$T$3,"") | AP22: =IF(AP$4<=PARAMETER!$X$2,SUMIF('2026 T'!$E:$E,PerPM!$A22,'2026 T'!AP:AP)/PARAMETER!$T$3,"") | AQ22: =IF(AQ$4<=PARAMETER!$X$2,SUMIF('2026 T'!$E:$E,PerPM!$A22,'2026 T'!AQ:AQ)/PARAMETER!$T$3,"") | AR22: =IF(AR$4<=PARAMETER!$X$2,SUMIF('2026 T'!$E:$E,PerPM!$A22,'2026 T'!AR:AR)/PARAMETER!$T$3,"") | AS22: =IF(AS$4<=PARAMETER!$X$2,SUMIF('2026 T'!$E:$E,PerPM!$A22,'2026 T'!AS:AS)/PARAMETER!$T$3,"") | AT22: =IF(AT$4<=PARAMETER!$X$2,SUMIF('2026 T'!$E:$E,PerPM!$A22,'2026 T'!AT:AT)/PARAMETER!$T$3,"") | AU22: =IF(AU$4<=PARAMETER!$X$2,SUMIF('2026 T'!$E:$E,PerPM!$A22,'2026 T'!AU:AU)/PARAMETER!$T$3,"") | AV22: =IF(AV$4<=PARAMETER!$X$2,SUMIF('2026 T'!$E:$E,PerPM!$A22,'2026 T'!AV:AV)/PARAMETER!$T$3,"") | AW22: =IF(AW$4<=PARAMETER!$X$2,SUMIF('2026 T'!$E:$E,PerPM!$A22,'2026 T'!AW:AW)/PARAMETER!$T$3,"") | AX22: =IF(AX$4<=PARAMETER!$X$2,SUMIF('2026 T'!$E:$E,PerPM!$A22,'2026 T'!AX:AX)/PARAMETER!$T$3,"") | AY22: =IF(AY$4<=PARAMETER!$X$2,SUMIF('2026 T'!$E:$E,PerPM!$A22,'2026 T'!AY:AY)/PARAMETER!$T$3,"") | AZ22: =IF(AZ$4<=PARAMETER!$X$2,SUMIF('2026 T'!$E:$E,PerPM!$A22,'2026 T'!AZ:AZ)/PARAMETER!$T$3,"") | BA22: =IF(BA$4<=PARAMETER!$X$2,SUMIF('2026 T'!$E:$E,PerPM!$A22,'2026 T'!BA:BA)/PARAMETER!$T$3,"") | BB22: =IF(BB$4<=PARAMETER!$X$2,SUMIF('2026 T'!$E:$E,PerPM!$A22,'2026 T'!BB:BB)/PARAMETER!$T$3,"") | BC22: =IF(BC$4<=PARAMETER!$X$2,SUMIF('2026 T'!$E:$E,PerPM!$A22,'2026 T'!BC:BC)/PARAMETER!$T$3,"") | BD22: =IF(BD$4<=PARAMETER!$X$2,SUMIF('2026 T'!$E:$E,PerPM!$A22,'2026 T'!BD:BD)/PARAMETER!$T$3,"") | BE22: =IF(BE$4<=PARAMETER!$X$2,SUMIF('2026 T'!$E:$E,PerPM!$A22,'2026 T'!BE:BE)/PARAMETER!$T$3,"") | BF22: =IF(BF$4<=PARAMETER!$X$2,SUMIF('2026 T'!$E:$E,PerPM!$A22,'2026 T'!BF:BF)/PARAMETER!$T$3,"") | BG22: =IF(BG$4<=PARAMETER!$X$2,SUMIF('2026 T'!$E:$E,PerPM!$A22,'2026 T'!BG:BG)/PARAMETER!$T$3,"") | BH22: =IF(BH$4<=PARAMETER!$X$2,SUMIF('2026 T'!$E:$E,PerPM!$A22,'2026 T'!BH:BH)/PARAMETER!$T$3,"") | BI22: =IF(BI$4<=PARAMETER!$X$2,SUMIF('2026 T'!$E:$E,PerPM!$A22,'2026 T'!BI:BI)/PARAMETER!$T$3,"")
A23: =CONCATENATE(B23,PARAMETER!T$2) -> RIFALDIVOL | B23: =B22 -> RIFALDI | C23: YoY (%) | D23: =H23/H24-1 -> 730.715 | E23: =IF(D23>300%,300%,D23) -> 3 | F23: =F19 -> 2026 | G23: =IF(G$4<=PARAMETER!$X$2,SUMIF('2026'!$E:$E,PerPM!$A22,'2026'!G:G)/PARAMETER!$T$3,"") -> 12961254 | H23: =IF(H$4<=PARAMETER!$X$2,SUMIF('2026'!$E:$E,PerPM!$A22,'2026'!H:H)/PARAMETER!$T$3,"") -> 12922121 | I23: =IF(I$4<=PARAMETER!$X$2,SUMIF('2026'!$E:$E,PerPM!$A22,'2026'!I:I)/PARAMETER!$T$3,"") -> 467.26523 | J23: =IF(J$4<=PARAMETER!$X$2,SUMIF('2026'!$E:$E,PerPM!$A22,'2026'!J:J)/PARAMETER!$T$3,"") -> 387.19617 | K23: =IF(K$4<=PARAMETER!$X$2,SUMIF('2026'!$E:$E,PerPM!$A22,'2026'!K:K)/PARAMETER!$T$3,"") -> 398.58689 | L23: =IF(L$4<=PARAMETER!$X$2,SUMIF('2026'!$E:$E,PerPM!$A22,'2026'!L:L)/PARAMETER!$T$3,"") -> 447.88338 | M23: =IF(M$4<=PARAMETER!$X$2,SUMIF('2026'!$E:$E,PerPM!$A22,'2026'!M:M)/PARAMETER!$T$3,"") -> 501.59708 | N23: =IF(N$4<=PARAMETER!$X$2,SUMIF('2026'!$E:$E,PerPM!$A22,'2026'!N:N)/PARAMETER!$T$3,"") -> 488.763 | O23: =IF(O$4<=PARAMETER!$X$2,SUMIF('2026'!$E:$E,PerPM!$A22,'2026'!O:O)/PARAMETER!$T$3,"") -> 508.23222 | P23: =IF(P$4<=PARAMETER!$X$2,SUMIF('2026'!$E:$E,PerPM!$A22,'2026'!P:P)/PARAMETER!$T$3,"") -> 424.75369 | Q23: =IF(Q$4<=PARAMETER!$X$2,SUMIF('2026'!$E:$E,PerPM!$A22,'2026'!Q:Q)/PARAMETER!$T$3,"") -> 7796926.7 | R23: =IF(R$4<=PARAMETER!$X$2,SUMIF('2026'!$E:$E,PerPM!$A22,'2026'!R:R)/PARAMETER!$T$3,"") -> 2517424.4 | S23: =IF(S$4<=PARAMETER!$X$2,SUMIF('2026'!$E:$E,PerPM!$A22,'2026'!S:S)/PARAMETER!$T$3,"") -> 2603721.5 | T23: =IF(T$4<=PARAMETER!$X$2,SUMIF('2026'!$E:$E,PerPM!$A22,'2026'!T:T)/PARAMETER!$T$3,"") -> 423.93587 | U23: =IF(U$4<=PARAMETER!$X$2,SUMIF('2026'!$E:$E,PerPM!$A22,'2026'!U:U)/PARAMETER!$T$3,"") | V23: =IF(V$4<=PARAMETER!$X$2,SUMIF('2026'!$E:$E,PerPM!$A22,'2026'!V:V)/PARAMETER!$T$3,"") | W23: =IF(W$4<=PARAMETER!$X$2,SUMIF('2026'!$E:$E,PerPM!$A22,'2026'!W:W)/PARAMETER!$T$3,"") | X23: =IF(X$4<=PARAMETER!$X$2,SUMIF('2026'!$E:$E,PerPM!$A22,'2026'!X:X)/PARAMETER!$T$3,"") | Y23: =IF(Y$4<=PARAMETER!$X$2,SUMIF('2026'!$E:$E,PerPM!$A22,'2026'!Y:Y)/PARAMETER!$T$3,"") | Z23: =IF(Z$4<=PARAMETER!$X$2,SUMIF('2026'!$E:$E,PerPM!$A22,'2026'!Z:Z)/PARAMETER!$T$3,"") | AA23: =IF(AA$4<=PARAMETER!$X$2,SUMIF('2026'!$E:$E,PerPM!$A22,'2026'!AA:AA)/PARAMETER!$T$3,"") | AB23: =IF(AB$4<=PARAMETER!$X$2,SUMIF('2026'!$E:$E,PerPM!$A22,'2026'!AB:AB)/PARAMETER!$T$3,"") | AC23: =IF(AC$4<=PARAMETER!$X$2,SUMIF('2026'!$E:$E,PerPM!$A22,'2026'!AC:AC)/PARAMETER!$T$3,"") | AD23: =IF(AD$4<=PARAMETER!$X$2,SUMIF('2026'!$E:$E,PerPM!$A22,'2026'!AD:AD)/PARAMETER!$T$3,"") | AE23: =IF(AE$4<=PARAMETER!$X$2,SUMIF('2026'!$E:$E,PerPM!$A22,'2026'!AE:AE)/PARAMETER!$T$3,"") | AF23: =IF(AF$4<=PARAMETER!$X$2,SUMIF('2026'!$E:$E,PerPM!$A22,'2026'!AF:AF)/PARAMETER!$T$3,"") | AG23: =IF(AG$4<=PARAMETER!$X$2,SUMIF('2026'!$E:$E,PerPM!$A22,'2026'!AG:AG)/PARAMETER!$T$3,"") | AH23: =IF(AH$4<=PARAMETER!$X$2,SUMIF('2026'!$E:$E,PerPM!$A22,'2026'!AH:AH)/PARAMETER!$T$3,"") | AI23: =IF(AI$4<=PARAMETER!$X$2,SUMIF('2026'!$E:$E,PerPM!$A22,'2026'!AI:AI)/PARAMETER!$T$3,"") | AJ23: =IF(AJ$4<=PARAMETER!$X$2,SUMIF('2026'!$E:$E,PerPM!$A22,'2026'!AJ:AJ)/PARAMETER!$T$3,"") | AK23: =IF(AK$4<=PARAMETER!$X$2,SUMIF('2026'!$E:$E,PerPM!$A22,'2026'!AK:AK)/PARAMETER!$T$3,"") | AL23: =IF(AL$4<=PARAMETER!$X$2,SUMIF('2026'!$E:$E,PerPM!$A22,'2026'!AL:AL)/PARAMETER!$T$3,"") | AM23: =IF(AM$4<=PARAMETER!$X$2,SUMIF('2026'!$E:$E,PerPM!$A22,'2026'!AM:AM)/PARAMETER!$T$3,"") | AN23: =IF(AN$4<=PARAMETER!$X$2,SUMIF('2026'!$E:$E,PerPM!$A22,'2026'!AN:AN)/PARAMETER!$T$3,"") | AO23: =IF(AO$4<=PARAMETER!$X$2,SUMIF('2026'!$E:$E,PerPM!$A22,'2026'!AO:AO)/PARAMETER!$T$3,"") | AP23: =IF(AP$4<=PARAMETER!$X$2,SUMIF('2026'!$E:$E,PerPM!$A22,'2026'!AP:AP)/PARAMETER!$T$3,"") | AQ23: =IF(AQ$4<=PARAMETER!$X$2,SUMIF('2026'!$E:$E,PerPM!$A22,'2026'!AQ:AQ)/PARAMETER!$T$3,"") | AR23: =IF(AR$4<=PARAMETER!$X$2,SUMIF('2026'!$E:$E,PerPM!$A22,'2026'!AR:AR)/PARAMETER!$T$3,"") | AS23: =IF(AS$4<=PARAMETER!$X$2,SUMIF('2026'!$E:$E,PerPM!$A22,'2026'!AS:AS)/PARAMETER!$T$3,"") | AT23: =IF(AT$4<=PARAMETER!$X$2,SUMIF('2026'!$E:$E,PerPM!$A22,'2026'!AT:AT)/PARAMETER!$T$3,"") | AU23: =IF(AU$4<=PARAMETER!$X$2,SUMIF('2026'!$E:$E,PerPM!$A22,'2026'!AU:AU)/PARAMETER!$T$3,"") | AV23: =IF(AV$4<=PARAMETER!$X$2,SUMIF('2026'!$E:$E,PerPM!$A22,'2026'!AV:AV)/PARAMETER!$T$3,"") | AW23: =IF(AW$4<=PARAMETER!$X$2,SUMIF('2026'!$E:$E,PerPM!$A22,'2026'!AW:AW)/PARAMETER!$T$3,"") | AX23: =IF(AX$4<=PARAMETER!$X$2,SUMIF('2026'!$E:$E,PerPM!$A22,'2026'!AX:AX)/PARAMETER!$T$3,"") | AY23: =IF(AY$4<=PARAMETER!$X$2,SUMIF('2026'!$E:$E,PerPM!$A22,'2026'!AY:AY)/PARAMETER!$T$3,"") | AZ23: =IF(AZ$4<=PARAMETER!$X$2,SUMIF('2026'!$E:$E,PerPM!$A22,'2026'!AZ:AZ)/PARAMETER!$T$3,"") | BA23: =IF(BA$4<=PARAMETER!$X$2,SUMIF('2026'!$E:$E,PerPM!$A22,'2026'!BA:BA)/PARAMETER!$T$3,"") | BB23: =IF(BB$4<=PARAMETER!$X$2,SUMIF('2026'!$E:$E,PerPM!$A22,'2026'!BB:BB)/PARAMETER!$T$3,"") | BC23: =IF(BC$4<=PARAMETER!$X$2,SUMIF('2026'!$E:$E,PerPM!$A22,'2026'!BC:BC)/PARAMETER!$T$3,"") | BD23: =IF(BD$4<=PARAMETER!$X$2,SUMIF('2026'!$E:$E,PerPM!$A22,'2026'!BD:BD)/PARAMETER!$T$3,"") | BE23: =IF(BE$4<=PARAMETER!$X$2,SUMIF('2026'!$E:$E,PerPM!$A22,'2026'!BE:BE)/PARAMETER!$T$3,"") | BF23: =IF(BF$4<=PARAMETER!$X$2,SUMIF('2026'!$E:$E,PerPM!$A22,'2026'!BF:BF)/PARAMETER!$T$3,"") | BG23: =IF(BG$4<=PARAMETER!$X$2,SUMIF('2026'!$E:$E,PerPM!$A22,'2026'!BG:BG)/PARAMETER!$T$3,"") | BH23: =IF(BH$4<=PARAMETER!$X$2,SUMIF('2026'!$E:$E,PerPM!$A22,'2026'!BH:BH)/PARAMETER!$T$3,"") | BI23: =IF(BI$4<=PARAMETER!$X$2,SUMIF('2026'!$E:$E,PerPM!$A22,'2026'!BI:BI)/PARAMETER!$T$3,"")
A24: =CONCATENATE(B24,PARAMETER!T$2) -> RIFALDIVOL | B24: =B23 -> RIFALDI | C24: YoY (%) | D24: =H24/H25-1 -> -0.83881922 | E24: =IF(D24>300%,300%,D24) -> -0.83881922 | F24: =F20 -> 2025 | G24: =IF(G$4<=PARAMETER!$X$2,SUMIF('2025'!$E:$E,PerPM!$A23,'2025'!G:G)/PARAMETER!$T$3,"") -> 78487.256 | H24: =IF(H$4<=PARAMETER!$X$2,SUMIF('2025'!$E:$E,PerPM!$A23,'2025'!H:H)/PARAMETER!$T$3,"") -> 17660.046 | I24: =IF(I$4<=PARAMETER!$X$2,SUMIF('2025'!$E:$E,PerPM!$A23,'2025'!I:I)/PARAMETER!$T$3,"") -> 1887.1275 | J24: =IF(J$4<=PARAMETER!$X$2,SUMIF('2025'!$E:$E,PerPM!$A23,'2025'!J:J)/PARAMETER!$T$3,"") -> 1800.4428 | K24: =IF(K$4<=PARAMETER!$X$2,SUMIF('2025'!$E:$E,PerPM!$A23,'2025'!K:K)/PARAMETER!$T$3,"") -> 1772.5802 | L24: =IF(L$4<=PARAMETER!$X$2,SUMIF('2025'!$E:$E,PerPM!$A23,'2025'!L:L)/PARAMETER!$T$3,"") -> 2057.1165 | M24: =IF(M$4<=PARAMETER!$X$2,SUMIF('2025'!$E:$E,PerPM!$A23,'2025'!M:M)/PARAMETER!$T$3,"") -> 1643.4074 | N24: =IF(N$4<=PARAMETER!$X$2,SUMIF('2025'!$E:$E,PerPM!$A23,'2025'!N:N)/PARAMETER!$T$3,"") -> 1263.5456 | O24: =IF(O$4<=PARAMETER!$X$2,SUMIF('2025'!$E:$E,PerPM!$A23,'2025'!O:O)/PARAMETER!$T$3,"") -> 1230.1829 | P24: =IF(P$4<=PARAMETER!$X$2,SUMIF('2025'!$E:$E,PerPM!$A23,'2025'!P:P)/PARAMETER!$T$3,"") -> 1523.2818 | Q24: =IF(Q$4<=PARAMETER!$X$2,SUMIF('2025'!$E:$E,PerPM!$A23,'2025'!Q:Q)/PARAMETER!$T$3,"") -> 1157.9949 | R24: =IF(R$4<=PARAMETER!$X$2,SUMIF('2025'!$E:$E,PerPM!$A23,'2025'!R:R)/PARAMETER!$T$3,"") -> 1167.984 | S24: =IF(S$4<=PARAMETER!$X$2,SUMIF('2025'!$E:$E,PerPM!$A23,'2025'!S:S)/PARAMETER!$T$3,"") -> 939.65716 | T24: =IF(T$4<=PARAMETER!$X$2,SUMIF('2025'!$E:$E,PerPM!$A23,'2025'!T:T)/PARAMETER!$T$3,"") -> 1216.7256 | U24: =IF(U$4<=PARAMETER!$X$2,SUMIF('2025'!$E:$E,PerPM!$A23,'2025'!U:U)/PARAMETER!$T$3,"") | V24: =IF(V$4<=PARAMETER!$X$2,SUMIF('2025'!$E:$E,PerPM!$A23,'2025'!V:V)/PARAMETER!$T$3,"") | W24: =IF(W$4<=PARAMETER!$X$2,SUMIF('2025'!$E:$E,PerPM!$A23,'2025'!W:W)/PARAMETER!$T$3,"") | X24: =IF(X$4<=PARAMETER!$X$2,SUMIF('2025'!$E:$E,PerPM!$A23,'2025'!X:X)/PARAMETER!$T$3,"") | Y24: =IF(Y$4<=PARAMETER!$X$2,SUMIF('2025'!$E:$E,PerPM!$A23,'2025'!Y:Y)/PARAMETER!$T$3,"") | Z24: =IF(Z$4<=PARAMETER!$X$2,SUMIF('2025'!$E:$E,PerPM!$A23,'2025'!Z:Z)/PARAMETER!$T$3,"") | AA24: =IF(AA$4<=PARAMETER!$X$2,SUMIF('2025'!$E:$E,PerPM!$A23,'2025'!AA:AA)/PARAMETER!$T$3,"") | AB24: =IF(AB$4<=PARAMETER!$X$2,SUMIF('2025'!$E:$E,PerPM!$A23,'2025'!AB:AB)/PARAMETER!$T$3,"") | AC24: =IF(AC$4<=PARAMETER!$X$2,SUMIF('2025'!$E:$E,PerPM!$A23,'2025'!AC:AC)/PARAMETER!$T$3,"") | AD24: =IF(AD$4<=PARAMETER!$X$2,SUMIF('2025'!$E:$E,PerPM!$A23,'2025'!AD:AD)/PARAMETER!$T$3,"") | AE24: =IF(AE$4<=PARAMETER!$X$2,SUMIF('2025'!$E:$E,PerPM!$A23,'2025'!AE:AE)/PARAMETER!$T$3,"") | AF24: =IF(AF$4<=PARAMETER!$X$2,SUMIF('2025'!$E:$E,PerPM!$A23,'2025'!AF:AF)/PARAMETER!$T$3,"") | AG24: =IF(AG$4<=PARAMETER!$X$2,SUMIF('2025'!$E:$E,PerPM!$A23,'2025'!AG:AG)/PARAMETER!$T$3,"") | AH24: =IF(AH$4<=PARAMETER!$X$2,SUMIF('2025'!$E:$E,PerPM!$A23,'2025'!AH:AH)/PARAMETER!$T$3,"") | AI24: =IF(AI$4<=PARAMETER!$X$2,SUMIF('2025'!$E:$E,PerPM!$A23,'2025'!AI:AI)/PARAMETER!$T$3,"") | AJ24: =IF(AJ$4<=PARAMETER!$X$2,SUMIF('2025'!$E:$E,PerPM!$A23,'2025'!AJ:AJ)/PARAMETER!$T$3,"") | AK24: =IF(AK$4<=PARAMETER!$X$2,SUMIF('2025'!$E:$E,PerPM!$A23,'2025'!AK:AK)/PARAMETER!$T$3,"") | AL24: =IF(AL$4<=PARAMETER!$X$2,SUMIF('2025'!$E:$E,PerPM!$A23,'2025'!AL:AL)/PARAMETER!$T$3,"") | AM24: =IF(AM$4<=PARAMETER!$X$2,SUMIF('2025'!$E:$E,PerPM!$A23,'2025'!AM:AM)/PARAMETER!$T$3,"") | AN24: =IF(AN$4<=PARAMETER!$X$2,SUMIF('2025'!$E:$E,PerPM!$A23,'2025'!AN:AN)/PARAMETER!$T$3,"") | AO24: =IF(AO$4<=PARAMETER!$X$2,SUMIF('2025'!$E:$E,PerPM!$A23,'2025'!AO:AO)/PARAMETER!$T$3,"") | AP24: =IF(AP$4<=PARAMETER!$X$2,SUMIF('2025'!$E:$E,PerPM!$A23,'2025'!AP:AP)/PARAMETER!$T$3,"") | AQ24: =IF(AQ$4<=PARAMETER!$X$2,SUMIF('2025'!$E:$E,PerPM!$A23,'2025'!AQ:AQ)/PARAMETER!$T$3,"") | AR24: =IF(AR$4<=PARAMETER!$X$2,SUMIF('2025'!$E:$E,PerPM!$A23,'2025'!AR:AR)/PARAMETER!$T$3,"") | AS24: =IF(AS$4<=PARAMETER!$X$2,SUMIF('2025'!$E:$E,PerPM!$A23,'2025'!AS:AS)/PARAMETER!$T$3,"") | AT24: =IF(AT$4<=PARAMETER!$X$2,SUMIF('2025'!$E:$E,PerPM!$A23,'2025'!AT:AT)/PARAMETER!$T$3,"") | AU24: =IF(AU$4<=PARAMETER!$X$2,SUMIF('2025'!$E:$E,PerPM!$A23,'2025'!AU:AU)/PARAMETER!$T$3,"") | AV24: =IF(AV$4<=PARAMETER!$X$2,SUMIF('2025'!$E:$E,PerPM!$A23,'2025'!AV:AV)/PARAMETER!$T$3,"") | AW24: =IF(AW$4<=PARAMETER!$X$2,SUMIF('2025'!$E:$E,PerPM!$A23,'2025'!AW:AW)/PARAMETER!$T$3,"") | AX24: =IF(AX$4<=PARAMETER!$X$2,SUMIF('2025'!$E:$E,PerPM!$A23,'2025'!AX:AX)/PARAMETER!$T$3,"") | AY24: =IF(AY$4<=PARAMETER!$X$2,SUMIF('2025'!$E:$E,PerPM!$A23,'2025'!AY:AY)/PARAMETER!$T$3,"") | AZ24: =IF(AZ$4<=PARAMETER!$X$2,SUMIF('2025'!$E:$E,PerPM!$A23,'2025'!AZ:AZ)/PARAMETER!$T$3,"") | BA24: =IF(BA$4<=PARAMETER!$X$2,SUMIF('2025'!$E:$E,PerPM!$A23,'2025'!BA:BA)/PARAMETER!$T$3,"") | BB24: =IF(BB$4<=PARAMETER!$X$2,SUMIF('2025'!$E:$E,PerPM!$A23,'2025'!BB:BB)/PARAMETER!$T$3,"") | BC24: =IF(BC$4<=PARAMETER!$X$2,SUMIF('2025'!$E:$E,PerPM!$A23,'2025'!BC:BC)/PARAMETER!$T$3,"") | BD24: =IF(BD$4<=PARAMETER!$X$2,SUMIF('2025'!$E:$E,PerPM!$A23,'2025'!BD:BD)/PARAMETER!$T$3,"") | BE24: =IF(BE$4<=PARAMETER!$X$2,SUMIF('2025'!$E:$E,PerPM!$A23,'2025'!BE:BE)/PARAMETER!$T$3,"") | BF24: =IF(BF$4<=PARAMETER!$X$2,SUMIF('2025'!$E:$E,PerPM!$A23,'2025'!BF:BF)/PARAMETER!$T$3,"") | BG24: =IF(BG$4<=PARAMETER!$X$2,SUMIF('2025'!$E:$E,PerPM!$A23,'2025'!BG:BG)/PARAMETER!$T$3,"") | BH24: =IF(BH$4<=PARAMETER!$X$2,SUMIF('2025'!$E:$E,PerPM!$A23,'2025'!BH:BH)/PARAMETER!$T$3,"") | BI24: =IF(BI$4<=PARAMETER!$X$2,SUMIF('2025'!$E:$E,PerPM!$A23,'2025'!BI:BI)/PARAMETER!$T$3,"")
A25: =CONCATENATE(B25,PARAMETER!T$2) -> RIFALDIVOL | B25: =B23 -> RIFALDI | F25: =F21 -> 2024 | G25: =IF(G$4<=PARAMETER!$X$2,SUMIF('2024'!$E:$E,PerPM!$A22,'2024'!G:G)/PARAMETER!$T$3,"") -> 347836.26 | H25: =IF(H$4<=PARAMETER!$X$2,SUMIF('2024'!$E:$E,PerPM!$A22,'2024'!H:H)/PARAMETER!$T$3,"") -> 109566.7 | I25: =IF(I$4<=PARAMETER!$X$2,SUMIF('2024'!$E:$E,PerPM!$A22,'2024'!I:I)/PARAMETER!$T$3,"") -> 10425.074 | J25: =IF(J$4<=PARAMETER!$X$2,SUMIF('2024'!$E:$E,PerPM!$A22,'2024'!J:J)/PARAMETER!$T$3,"") -> 10016.308 | K25: =IF(K$4<=PARAMETER!$X$2,SUMIF('2024'!$E:$E,PerPM!$A22,'2024'!K:K)/PARAMETER!$T$3,"") -> 10010.582 | L25: =IF(L$4<=PARAMETER!$X$2,SUMIF('2024'!$E:$E,PerPM!$A22,'2024'!L:L)/PARAMETER!$T$3,"") -> 10208.164 | M25: =IF(M$4<=PARAMETER!$X$2,SUMIF('2024'!$E:$E,PerPM!$A22,'2024'!M:M)/PARAMETER!$T$3,"") -> 11075.976 | N25: =IF(N$4<=PARAMETER!$X$2,SUMIF('2024'!$E:$E,PerPM!$A22,'2024'!N:N)/PARAMETER!$T$3,"") -> 10175.505 | O25: =IF(O$4<=PARAMETER!$X$2,SUMIF('2024'!$E:$E,PerPM!$A22,'2024'!O:O)/PARAMETER!$T$3,"") -> 7643.4372 | P25: =IF(P$4<=PARAMETER!$X$2,SUMIF('2024'!$E:$E,PerPM!$A22,'2024'!P:P)/PARAMETER!$T$3,"") -> 8067.2781 | Q25: =IF(Q$4<=PARAMETER!$X$2,SUMIF('2024'!$E:$E,PerPM!$A22,'2024'!Q:Q)/PARAMETER!$T$3,"") -> 10236.483 | R25: =IF(R$4<=PARAMETER!$X$2,SUMIF('2024'!$E:$E,PerPM!$A22,'2024'!R:R)/PARAMETER!$T$3,"") -> 7960.1886 | S25: =IF(S$4<=PARAMETER!$X$2,SUMIF('2024'!$E:$E,PerPM!$A22,'2024'!S:S)/PARAMETER!$T$3,"") -> 6387.0458 | T25: =IF(T$4<=PARAMETER!$X$2,SUMIF('2024'!$E:$E,PerPM!$A22,'2024'!T:T)/PARAMETER!$T$3,"") -> 7360.6584 | U25: =IF(U$4<=PARAMETER!$X$2,SUMIF('2024'!$E:$E,PerPM!$A22,'2024'!U:U)/PARAMETER!$T$3,"") | V25: =IF(V$4<=PARAMETER!$X$2,SUMIF('2024'!$E:$E,PerPM!$A22,'2024'!V:V)/PARAMETER!$T$3,"") | W25: =IF(W$4<=PARAMETER!$X$2,SUMIF('2024'!$E:$E,PerPM!$A22,'2024'!W:W)/PARAMETER!$T$3,"") | X25: =IF(X$4<=PARAMETER!$X$2,SUMIF('2024'!$E:$E,PerPM!$A22,'2024'!X:X)/PARAMETER!$T$3,"") | Y25: =IF(Y$4<=PARAMETER!$X$2,SUMIF('2024'!$E:$E,PerPM!$A22,'2024'!Y:Y)/PARAMETER!$T$3,"") | Z25: =IF(Z$4<=PARAMETER!$X$2,SUMIF('2024'!$E:$E,PerPM!$A22,'2024'!Z:Z)/PARAMETER!$T$3,"") | AA25: =IF(AA$4<=PARAMETER!$X$2,SUMIF('2024'!$E:$E,PerPM!$A22,'2024'!AA:AA)/PARAMETER!$T$3,"") | AB25: =IF(AB$4<=PARAMETER!$X$2,SUMIF('2024'!$E:$E,PerPM!$A22,'2024'!AB:AB)/PARAMETER!$T$3,"") | AC25: =IF(AC$4<=PARAMETER!$X$2,SUMIF('2024'!$E:$E,PerPM!$A22,'2024'!AC:AC)/PARAMETER!$T$3,"") | AD25: =IF(AD$4<=PARAMETER!$X$2,SUMIF('2024'!$E:$E,PerPM!$A22,'2024'!AD:AD)/PARAMETER!$T$3,"") | AE25: =IF(AE$4<=PARAMETER!$X$2,SUMIF('2024'!$E:$E,PerPM!$A22,'2024'!AE:AE)/PARAMETER!$T$3,"") | AF25: =IF(AF$4<=PARAMETER!$X$2,SUMIF('2024'!$E:$E,PerPM!$A22,'2024'!AF:AF)/PARAMETER!$T$3,"") | AG25: =IF(AG$4<=PARAMETER!$X$2,SUMIF('2024'!$E:$E,PerPM!$A22,'2024'!AG:AG)/PARAMETER!$T$3,"") | AH25: =IF(AH$4<=PARAMETER!$X$2,SUMIF('2024'!$E:$E,PerPM!$A22,'2024'!AH:AH)/PARAMETER!$T$3,"") | AI25: =IF(AI$4<=PARAMETER!$X$2,SUMIF('2024'!$E:$E,PerPM!$A22,'2024'!AI:AI)/PARAMETER!$T$3,"") | AJ25: =IF(AJ$4<=PARAMETER!$X$2,SUMIF('2024'!$E:$E,PerPM!$A22,'2024'!AJ:AJ)/PARAMETER!$T$3,"") | AK25: =IF(AK$4<=PARAMETER!$X$2,SUMIF('2024'!$E:$E,PerPM!$A22,'2024'!AK:AK)/PARAMETER!$T$3,"") | AL25: =IF(AL$4<=PARAMETER!$X$2,SUMIF('2024'!$E:$E,PerPM!$A22,'2024'!AL:AL)/PARAMETER!$T$3,"") | AM25: =IF(AM$4<=PARAMETER!$X$2,SUMIF('2024'!$E:$E,PerPM!$A22,'2024'!AM:AM)/PARAMETER!$T$3,"") | AN25: =IF(AN$4<=PARAMETER!$X$2,SUMIF('2024'!$E:$E,PerPM!$A22,'2024'!AN:AN)/PARAMETER!$T$3,"") | AO25: =IF(AO$4<=PARAMETER!$X$2,SUMIF('2024'!$E:$E,PerPM!$A22,'2024'!AO:AO)/PARAMETER!$T$3,"") | AP25: =IF(AP$4<=PARAMETER!$X$2,SUMIF('2024'!$E:$E,PerPM!$A22,'2024'!AP:AP)/PARAMETER!$T$3,"") | AQ25: =IF(AQ$4<=PARAMETER!$X$2,SUMIF('2024'!$E:$E,PerPM!$A22,'2024'!AQ:AQ)/PARAMETER!$T$3,"") | AR25: =IF(AR$4<=PARAMETER!$X$2,SUMIF('2024'!$E:$E,PerPM!$A22,'2024'!AR:AR)/PARAMETER!$T$3,"") | AS25: =IF(AS$4<=PARAMETER!$X$2,SUMIF('2024'!$E:$E,PerPM!$A22,'2024'!AS:AS)/PARAMETER!$T$3,"") | AT25: =IF(AT$4<=PARAMETER!$X$2,SUMIF('2024'!$E:$E,PerPM!$A22,'2024'!AT:AT)/PARAMETER!$T$3,"") | AU25: =IF(AU$4<=PARAMETER!$X$2,SUMIF('2024'!$E:$E,PerPM!$A22,'2024'!AU:AU)/PARAMETER!$T$3,"") | AV25: =IF(AV$4<=PARAMETER!$X$2,SUMIF('2024'!$E:$E,PerPM!$A22,'2024'!AV:AV)/PARAMETER!$T$3,"") | AW25: =IF(AW$4<=PARAMETER!$X$2,SUMIF('2024'!$E:$E,PerPM!$A22,'2024'!AW:AW)/PARAMETER!$T$3,"") | AX25: =IF(AX$4<=PARAMETER!$X$2,SUMIF('2024'!$E:$E,PerPM!$A22,'2024'!AX:AX)/PARAMETER!$T$3,"") | AY25: =IF(AY$4<=PARAMETER!$X$2,SUMIF('2024'!$E:$E,PerPM!$A22,'2024'!AY:AY)/PARAMETER!$T$3,"") | AZ25: =IF(AZ$4<=PARAMETER!$X$2,SUMIF('2024'!$E:$E,PerPM!$A22,'2024'!AZ:AZ)/PARAMETER!$T$3,"") | BA25: =IF(BA$4<=PARAMETER!$X$2,SUMIF('2024'!$E:$E,PerPM!$A22,'2024'!BA:BA)/PARAMETER!$T$3,"") | BB25: =IF(BB$4<=PARAMETER!$X$2,SUMIF('2024'!$E:$E,PerPM!$A22,'2024'!BB:BB)/PARAMETER!$T$3,"") | BC25: =IF(BC$4<=PARAMETER!$X$2,SUMIF('2024'!$E:$E,PerPM!$A22,'2024'!BC:BC)/PARAMETER!$T$3,"") | BD25: =IF(BD$4<=PARAMETER!$X$2,SUMIF('2024'!$E:$E,PerPM!$A22,'2024'!BD:BD)/PARAMETER!$T$3,"") | BE25: =IF(BE$4<=PARAMETER!$X$2,SUMIF('2024'!$E:$E,PerPM!$A22,'2024'!BE:BE)/PARAMETER!$T$3,"") | BF25: =IF(BF$4<=PARAMETER!$X$2,SUMIF('2024'!$E:$E,PerPM!$A22,'2024'!BF:BF)/PARAMETER!$T$3,"") | BG25: =IF(BG$4<=PARAMETER!$X$2,SUMIF('2024'!$E:$E,PerPM!$A22,'2024'!BG:BG)/PARAMETER!$T$3,"") | BH25: =IF(BH$4<=PARAMETER!$X$2,SUMIF('2024'!$E:$E,PerPM!$A22,'2024'!BH:BH)/PARAMETER!$T$3,"") | BI25: =IF(BI$4<=PARAMETER!$X$2,SUMIF('2024'!$E:$E,PerPM!$A22,'2024'!BI:BI)/PARAMETER!$T$3,"")

Sheet PerMerchant
J4: 1 | K4: =J4+1 -> 2 | L4: =K4+1 -> 3 | M4: =L4+1 -> 4 | N4: =M4+1 -> 5 | O4: =N4+1 -> 6 | P4: =O4+1 -> 7 | Q4: =P4+1 -> 8 | R4: =Q4+1 -> 9 | ... BJ4: =BI4+1 -> 53
C5: SEGMEN | D5: KET | E5: % | G5: Periode | H5: FY | I5: YTD | J5: Week-01 | K5: Week-02 | L5: Week-03 | M5: Week-04 | N5: Week-05 | O5: Week-06 | P5: Week-07 | Q5: Week-08 | R5: Week-09 | S5: Week-10 | T5: Week-11 | U5: Week-12 | V5: Week-13 | W5: Week-14 | X5: Week-15 | Y5: Week-16 | Z5: Week-17 | AA5: Week-18 | AB5: Week-19 | AC5: Week-20 | AD5: Week-21 | AE5: Week-22 | AF5: Week-23 | AG5: Week-24 | AH5: Week-25 | AI5: Week-26 | AJ5: Week-27 | AK5: Week-28 | AL5: Week-29 | AM5: Week-30 | AN5: Week-31 | AO5: Week-32 | AP5: Week-33 | AQ5: Week-34 | AR5: Week-35 | AS5: Week-36 | AT5: Week-37 | AU5: Week-38 | AV5: Week-39 | AW5: Week-40 | AX5: Week-41 | AY5: Week-42 | AZ5: Week-43 | BA5: Week-44 | BB5: Week-45 | BC5: Week-46 | BD5: Week-47 | BE5: Week-48 | BF5: Week-49 | BG5: Week-50 | BH5: Week-51 | BI5: Week-52 | BJ5: Week-53
J6: 46028 | K6: =J6+7 -> 46035 | L6: =K6+7 -> 46042 | M6: =L6+7 -> 46049 | N6: =M6+7 -> 46056 | O6: =N6+7 -> 46063 | P6: =O6+7 -> 46070 | Q6: =P6+7 -> 46077 | R6: =Q6+7 -> 46084 | ... BI6: =BH6+7 -> 46385 | BJ6: =BI6+1 -> 46386
C7: =PARAMETER!J2 -> RIFALDI | D7: Ach (%) | E7: =I8/I7 -> 92.573031 | F7: =IF(E7>300%,300%,E7) -> 3 | G7: Target | H7: =H14+H18+H22+H26+H30+H34+H38+H42+H46+H50+H54+H58+H62+H66+H70+H74+H78+H82+H86+H90+H94+H98 -> 487510 | I7: =I14+I18+I22+I26+I30+I34+I38+I42+I46+I50+I54+I58+I62+I66+I70+I74+I78+I82+I86+I90+I94+I98 -> 20579.602 | J7: =J14+J18+J22+J26+J30+J34+J38+J42+J46+J50+J54+J58+J62+J66+J70+J74+J78+J82+J86+J90+J94+J98 -> 2497.0901 | K7: =K14+K18+K22+K26+K30+K34+K38+K42+K46+K50+K54+K58+K62+K66+K70+K74+K78+K82+K86+K90+K94+K98 -> 2469.6751 | L7: =L14+L18+L22+L26+L30+L34+L38+L42+L46+L50+L54+L58+L62+L66+L70+L74+L78+L82+L86+L90+L94+L98 -> 2176.6466 | M7: =M14+M18+M22+M26+M30+M34+M38+M42+M46+M50+M54+M58+M62+M66+M70+M74+M78+M82+M86+M90+M94+M98 -> 2675.7301 | N7: =N14+N18+N22+N26+N30+N34+N38+N42+N46+N50+N54+N58+N62+N66+N70+N74+N78+N82+N86+N90+N94+N98 -> 2552.8935 | O7: =O14+O18+O22+O26+O30+O34+O38+O42+O46+O50+O54+O58+O62+O66+O70+O74+O78+O82+O86+O90+O94+O98 -> 2146.5567 | ... BJ7: =BJ14+BJ18+BJ22+BJ26+BJ30+BJ34+BJ38+BJ42+BJ46+BJ50+BJ54+BJ58+BJ62+BJ66+BJ70+BJ74+BJ78+BJ82+BJ86+BJ90+BJ94+BJ98 -> #VALUE!
C8: =C7 -> RIFALDI | D8: YoY (%) | E8: =I8/I9-1 -> 106.87719 | F8: =IF(E8>300%,300%,E8) -> 3 | G8: 2026 | H8: =H15+H19+H23+H27+H31+H35+H39+H43+H47+H51+H55+H59+H63+H67+H71+H75+H79+H83+H87+H91+H95+H99 -> 1921615.2 | I8: =I15+I19+I23+I27+I31+I35+I39+I43+I47+I51+I55+I59+I63+I67+I71+I75+I79+I83+I87+I91+I95+I99 -> 1905116.1 | J8: =J15+J19+J23+J27+J31+J35+J39+J43+J47+J51+J55+J59+J63+J67+J71+J75+J79+J83+J87+J91+J95+J99 -> 467.26523 | K8: =K15+K19+K23+K27+K31+K35+K39+K43+K47+K51+K55+K59+K63+K67+K71+K75+K79+K83+K87+K91+K95+K99 -> 387.19617 | L8: =L15+L19+L23+L27+L31+L35+L39+L43+L47+L51+L55+L59+L63+L67+L71+L75+L79+L83+L87+L91+L95+L99 -> 398.58689 | M8: =M15+M19+M23+M27+M31+M35+M39+M43+M47+M51+M55+M59+M63+M67+M71+M75+M79+M83+M87+M91+M95+M99 -> 447.88338 | N8: =N15+N19+N23+N27+N31+N35+N39+N43+N47+N51+N55+N59+N63+N67+N71+N75+N79+N83+N87+N91+N95+N99 -> 501.59708 | O8: =O15+O19+O23+O27+O31+O35+O39+O43+O47+O51+O55+O59+O63+O67+O71+O75+O79+O83+O87+O91+O95+O99 -> 488.763 | ... BJ8: =BJ15+BJ19+BJ23+BJ27+BJ31+BJ35+BJ39+BJ43+BJ47+BJ51+BJ55+BJ59+BJ63+BJ67+BJ71+BJ75+BJ79+BJ83+BJ87+BJ91+BJ95+BJ99 -> #VALUE!
D9: YoY (%) | E9: =I9/I10-1 -> -0.83881922 | F9: =IF(E9>300%,300%,E9) -> -0.83881922 | G9: 2025 | H9: =H16+H20+H24+H28+H32+H36+H40+H44+H48+H52+H56+H60+H64+H68+H72+H76+H80+H84+H88+H92+H96+H100 -> 78487.256 | I9: =I16+I20+I24+I28+I32+I36+I40+I44+I48+I52+I56+I60+I64+I68+I72+I76+I80+I84+I88+I92+I96+I100 -> 17660.046 | J9: =J16+J20+J24+J28+J32+J36+J40+J44+J48+J52+J56+J60+J64+J68+J72+J76+J80+J84+J88+J92+J96+J100 -> 1887.1275 | K9: =K16+K20+K24+K28+K32+K36+K40+K44+K48+K52+K56+K60+K64+K68+K72+K76+K80+K84+K88+K92+K96+K100 -> 1800.4428 | L9: =L16+L20+L24+L28+L32+L36+L40+L44+L48+L52+L56+L60+L64+L68+L72+L76+L80+L84+L88+L92+L96+L100 -> 1772.5802 | M9: =M16+M20+M24+M28+M32+M36+M40+M44+M48+M52+M56+M60+M64+M68+M72+M76+M80+M84+M88+M92+M96+M100 -> 2057.1165 | N9: =N16+N20+N24+N28+N32+N36+N40+N44+N48+N52+N56+N60+N64+N68+N72+N76+N80+N84+N88+N92+N96+N100 -> 1643.4074 | O9: =O16+O20+O24+O28+O32+O36+O40+O44+O48+O52+O56+O60+O64+O68+O72+O76+O80+O84+O88+O92+O96+O100 -> 1263.5456 | ... BJ9: =BJ16+BJ20+BJ24+BJ28+BJ32+BJ36+BJ40+BJ44+BJ48+BJ52+BJ56+BJ60+BJ64+BJ68+BJ72+BJ76+BJ80+BJ84+BJ88+BJ92+BJ96+BJ100 -> #VALUE!
C10: =C7 -> RIFALDI | G10: =G9-1 -> 2024 | H10: =H17+H21+H25+H29+H33+H37+H41+H45+H49+H53+H57+H61+H65+H69+H73+H77+H81+H85+H89+H93+H97+H101 -> 347836.26 | I10: =I17+I21+I25+I29+I33+I37+I41+I45+I49+I53+I57+I61+I65+I69+I73+I77+I81+I85+I89+I93+I97+I101 -> 109566.7 | J10: =J17+J21+J25+J29+J33+J37+J41+J45+J49+J53+J57+J61+J65+J69+J73+J77+J81+J85+J89+J93+J97+J101 -> 10425.074 | K10: =K17+K21+K25+K29+K33+K37+K41+K45+K49+K53+K57+K61+K65+K69+K73+K77+K81+K85+K89+K93+K97+K101 -> 10016.308 | L10: =L17+L21+L25+L29+L33+L37+L41+L45+L49+L53+L57+L61+L65+L69+L73+L77+L81+L85+L89+L93+L97+L101 -> 10010.582 | M10: =M17+M21+M25+M29+M33+M37+M41+M45+M49+M53+M57+M61+M65+M69+M73+M77+M81+M85+M89+M93+M97+M101 -> 10208.164 | N10: =N17+N21+N25+N29+N33+N37+N41+N45+N49+N53+N57+N61+N65+N69+N73+N77+N81+N85+N89+N93+N97+N101 -> 11075.976 | O10: =O17+O21+O25+O29+O33+O37+O41+O45+O49+O53+O57+O61+O65+O69+O73+O77+O81+O85+O89+O93+O97+O101 -> 10175.505 | ... BJ10: =BJ17+BJ21+BJ25+BJ29+BJ33+BJ37+BJ41+BJ45+BJ49+BJ53+BJ57+BJ61+BJ65+BJ69+BJ73+BJ77+BJ81+BJ85+BJ89+BJ93+BJ97+BJ101 -> #VALUE!
C12: PM | D12: KET | E12: % | G12: Periode | H12: FY | I12: YTD | J12: =J5 -> Week-01 | K12: =K5 -> Week-02 | L12: =L5 -> Week-03 | M12: =M5 -> Week-04 | N12: =N5 -> Week-05 | O12: =O5 -> Week-06 | P12: =P5 -> Week-07 | Q12: =Q5 -> Week-08 | ... BJ12: =BJ5 -> Week-53
J13: =J6 -> 46028 | K13: =K6 -> 46035 | L13: =L6 -> 46042 | M13: =M6 -> 46049 | N13: =N6 -> 46056 | O13: =O6 -> 46063 | P13: =P6 -> 46070 | Q13: =Q6 -> 46077 | ... BJ13: =BJ6 -> 46386
A14: 1 | B14: =CONCATENATE(C14,PARAMETER!T$2) -> ANCOLVOL | C14: =IFERROR(VLOOKUP(A14,PARAMETER!K$2:M22,3,0),"") -> ANCOL | D14: Ach (%) | E14: =IFERROR(I15/I14,"") -> 85.039551 | F14: =IFERROR(IF(E14>300%,300%,E14),"") -> 3 | G14: =G7 -> Target | H14: =IF(H$4<=PARAMETER!$X$2,SUMIF('2026 T'!$F:$F,$B14,'2026 T'!G:G)/PARAMETER!$T$3,"") -> 400000 | I14: =IF(I$4<=PARAMETER!$X$2,SUMIF('2026 T'!$F:$F,$B14,'2026 T'!H:H)/PARAMETER!$T$3,"") -> 5013.2707 | J14: =IF(J$4<=PARAMETER!$X$2,SUMIF('2026 T'!$F:$F,$B14,'2026 T'!I:I)/PARAMETER!$T$3,"") -> 523.26495 | K14: =IF(K$4<=PARAMETER!$X$2,SUMIF('2026 T'!$F:$F,$B14,'2026 T'!J:J)/PARAMETER!$T$3,"") -> 323.70503 | L14: =IF(L$4<=PARAMETER!$X$2,SUMIF('2026 T'!$F:$F,$B14,'2026 T'!K:K)/PARAMETER!$T$3,"") -> 277.31895 | M14: =IF(M$4<=PARAMETER!$X$2,SUMIF('2026 T'!$F:$F,$B14,'2026 T'!L:L)/PARAMETER!$T$3,"") -> 276.82018 | N14: =IF(N$4<=PARAMETER!$X$2,SUMIF('2026 T'!$F:$F,$B14,'2026 T'!M:M)/PARAMETER!$T$3,"") -> 543.16109 | O14: =IF(O$4<=PARAMETER!$X$2,SUMIF('2026 T'!$F:$F,$B14,'2026 T'!N:N)/PARAMETER!$T$3,"") -> 631.48667 | P14: =IF(P$4<=PARAMETER!$X$2,SUMIF('2026 T'!$F:$F,$B14,'2026 T'!O:O)/PARAMETER!$T$3,"") -> 424.95638 | Q14: =IF(Q$4<=PARAMETER!$X$2,SUMIF('2026 T'!$F:$F,$B14,'2026 T'!P:P)/PARAMETER!$T$3,"") -> 189.03576 | R14: =IF(R$4<=PARAMETER!$X$2,SUMIF('2026 T'!$F:$F,$B14,'2026 T'!Q:Q)/PARAMETER!$T$3,"") -> 1823.5217 | S14: =IF(S$4<=PARAMETER!$X$2,SUMIF('2026 T'!$F:$F,$B14,'2026 T'!R:R)/PARAMETER!$T$3,"") -> 1929.4665 | T14: =IF(T$4<=PARAMETER!$X$2,SUMIF('2026 T'!$F:$F,$B14,'2026 T'!S:S)/PARAMETER!$T$3,"") -> 2867.3797 | U14: =IF(U$4<=PARAMETER!$X$2,SUMIF('2026 T'!$F:$F,$B14,'2026 T'!T:T)/PARAMETER!$T$3,"") -> 536.682 | V14: =IF(V$4<=PARAMETER!$X$2,SUMIF('2026 T'!$F:$F,$B14,'2026 T'!U:U)/PARAMETER!$T$3,"") | W14: =IF(W$4<=PARAMETER!$X$2,SUMIF('2026 T'!$F:$F,$B14,'2026 T'!V:V)/PARAMETER!$T$3,"") | X14: =IF(X$4<=PARAMETER!$X$2,SUMIF('2026 T'!$F:$F,$B14,'2026 T'!W:W)/PARAMETER!$T$3,"") | Y14: =IF(Y$4<=PARAMETER!$X$2,SUMIF('2026 T'!$F:$F,$B14,'2026 T'!X:X)/PARAMETER!$T$3,"") | Z14: =IF(Z$4<=PARAMETER!$X$2,SUMIF('2026 T'!$F:$F,$B14,'2026 T'!Y:Y)/PARAMETER!$T$3,"") | AA14: =IF(AA$4<=PARAMETER!$X$2,SUMIF('2026 T'!$F:$F,$B14,'2026 T'!Z:Z)/PARAMETER!$T$3,"") | AB14: =IF(AB$4<=PARAMETER!$X$2,SUMIF('2026 T'!$F:$F,$B14,'2026 T'!AA:AA)/PARAMETER!$T$3,"") | AC14: =IF(AC$4<=PARAMETER!$X$2,SUMIF('2026 T'!$F:$F,$B14,'2026 T'!AB:AB)/PARAMETER!$T$3,"") | AD14: =IF(AD$4<=PARAMETER!$X$2,SUMIF('2026 T'!$F:$F,$B14,'2026 T'!AC:AC)/PARAMETER!$T$3,"") | AE14: =IF(AE$4<=PARAMETER!$X$2,SUMIF('2026 T'!$F:$F,$B14,'2026 T'!AD:AD)/PARAMETER!$T$3,"") | AF14: =IF(AF$4<=PARAMETER!$X$2,SUMIF('2026 T'!$F:$F,$B14,'2026 T'!AE:AE)/PARAMETER!$T$3,"") | AG14: =IF(AG$4<=PARAMETER!$X$2,SUMIF('2026 T'!$F:$F,$B14,'2026 T'!AF:AF)/PARAMETER!$T$3,"") | AH14: =IF(AH$4<=PARAMETER!$X$2,SUMIF('2026 T'!$F:$F,$B14,'2026 T'!AG:AG)/PARAMETER!$T$3,"") | AI14: =IF(AI$4<=PARAMETER!$X$2,SUMIF('2026 T'!$F:$F,$B14,'2026 T'!AH:AH)/PARAMETER!$T$3,"") | AJ14: =IF(AJ$4<=PARAMETER!$X$2,SUMIF('2026 T'!$F:$F,$B14,'2026 T'!AI:AI)/PARAMETER!$T$3,"") | AK14: =IF(AK$4<=PARAMETER!$X$2,SUMIF('2026 T'!$F:$F,$B14,'2026 T'!AJ:AJ)/PARAMETER!$T$3,"") | AL14: =IF(AL$4<=PARAMETER!$X$2,SUMIF('2026 T'!$F:$F,$B14,'2026 T'!AK:AK)/PARAMETER!$T$3,"") | AM14: =IF(AM$4<=PARAMETER!$X$2,SUMIF('2026 T'!$F:$F,$B14,'2026 T'!AL:AL)/PARAMETER!$T$3,"") | AN14: =IF(AN$4<=PARAMETER!$X$2,SUMIF('2026 T'!$F:$F,$B14,'2026 T'!AM:AM)/PARAMETER!$T$3,"") | AO14: =IF(AO$4<=PARAMETER!$X$2,SUMIF('2026 T'!$F:$F,$B14,'2026 T'!AN:AN)/PARAMETER!$T$3,"") | AP14: =IF(AP$4<=PARAMETER!$X$2,SUMIF('2026 T'!$F:$F,$B14,'2026 T'!AO:AO)/PARAMETER!$T$3,"") | AQ14: =IF(AQ$4<=PARAMETER!$X$2,SUMIF('2026 T'!$F:$F,$B14,'2026 T'!AP:AP)/PARAMETER!$T$3,"") | AR14: =IF(AR$4<=PARAMETER!$X$2,SUMIF('2026 T'!$F:$F,$B14,'2026 T'!AQ:AQ)/PARAMETER!$T$3,"") | AS14: =IF(AS$4<=PARAMETER!$X$2,SUMIF('2026 T'!$F:$F,$B14,'2026 T'!AR:AR)/PARAMETER!$T$3,"") | AT14: =IF(AT$4<=PARAMETER!$X$2,SUMIF('2026 T'!$F:$F,$B14,'2026 T'!AS:AS)/PARAMETER!$T$3,"") | AU14: =IF(AU$4<=PARAMETER!$X$2,SUMIF('2026 T'!$F:$F,$B14,'2026 T'!AT:AT)/PARAMETER!$T$3,"") | AV14: =IF(AV$4<=PARAMETER!$X$2,SUMIF('2026 T'!$F:$F,$B14,'2026 T'!AU:AU)/PARAMETER!$T$3,"") | AW14: =IF(AW$4<=PARAMETER!$X$2,SUMIF('2026 T'!$F:$F,$B14,'2026 T'!AV:AV)/PARAMETER!$T$3,"") | AX14: =IF(AX$4<=PARAMETER!$X$2,SUMIF('2026 T'!$F:$F,$B14,'2026 T'!AW:AW)/PARAMETER!$T$3,"") | AY14: =IF(AY$4<=PARAMETER!$X$2,SUMIF('2026 T'!$F:$F,$B14,'2026 T'!AX:AX)/PARAMETER!$T$3,"") | AZ14: =IF(AZ$4<=PARAMETER!$X$2,SUMIF('2026 T'!$F:$F,$B14,'2026 T'!AY:AY)/PARAMETER!$T$3,"") | BA14: =IF(BA$4<=PARAMETER!$X$2,SUMIF('2026 T'!$F:$F,$B14,'2026 T'!AZ:AZ)/PARAMETER!$T$3,"") | BB14: =IF(BB$4<=PARAMETER!$X$2,SUMIF('2026 T'!$F:$F,$B14,'2026 T'!BA:BA)/PARAMETER!$T$3,"") | BC14: =IF(BC$4<=PARAMETER!$X$2,SUMIF('2026 T'!$F:$F,$B14,'2026 T'!BB:BB)/PARAMETER!$T$3,"") | BD14: =IF(BD$4<=PARAMETER!$X$2,SUMIF('2026 T'!$F:$F,$B14,'2026 T'!BC:BC)/PARAMETER!$T$3,"") | BE14: =IF(BE$4<=PARAMETER!$X$2,SUMIF('2026 T'!$F:$F,$B14,'2026 T'!BD:BD)/PARAMETER!$T$3,"") | BF14: =IF(BF$4<=PARAMETER!$X$2,SUMIF('2026 T'!$F:$F,$B14,'2026 T'!BE:BE)/PARAMETER!$T$3,"") | BG14: =IF(BG$4<=PARAMETER!$X$2,SUMIF('2026 T'!$F:$F,$B14,'2026 T'!BF:BF)/PARAMETER!$T$3,"") | BH14: =IF(BH$4<=PARAMETER!$X$2,SUMIF('2026 T'!$F:$F,$B14,'2026 T'!BG:BG)/PARAMETER!$T$3,"") | BI14: =IF(BI$4<=PARAMETER!$X$2,SUMIF('2026 T'!$F:$F,$B14,'2026 T'!BH:BH)/PARAMETER!$T$3,"") | BJ14: =IF(BJ$4<=PARAMETER!$X$2,SUMIF('2026 T'!$F:$F,$B14,'2026 T'!BI:BI)/PARAMETER!$T$3,"")
A15: =A14 -> 1 | B15: =CONCATENATE(C15,PARAMETER!T$2) -> ANCOLVOL | C15: =C14 -> ANCOL | D15: YoY (%) | E15: =IFERROR(I15/I16-1,"") -> 13747.407 | F15: =IFERROR(IF(E15>300%,300%,E15),"") -> 3 | G15: =G8 -> 2026 | H15: =IF(H$4<=PARAMETER!$X$2,SUMIF('2026'!$F:$F,$B15,'2026'!G:G)/PARAMETER!$T$3,"") -> 427995.88 | I15: =IF(I$4<=PARAMETER!$X$2,SUMIF('2026'!$F:$F,$B15,'2026'!H:H)/PARAMETER!$T$3,"") -> 426326.29 | J15: =IF(J$4<=PARAMETER!$X$2,SUMIF('2026'!$F:$F,$B15,'2026'!I:I)/PARAMETER!$T$3,"") -> 0 | K15: =IF(K$4<=PARAMETER!$X$2,SUMIF('2026'!$F:$F,$B15,'2026'!J:J)/PARAMETER!$T$3,"") -> 0 | L15: =IF(L$4<=PARAMETER!$X$2,SUMIF('2026'!$F:$F,$B15,'2026'!K:K)/PARAMETER!$T$3,"") -> 0 | M15: =IF(M$4<=PARAMETER!$X$2,SUMIF('2026'!$F:$F,$B15,'2026'!L:L)/PARAMETER!$T$3,"") -> 0 | N15: =IF(N$4<=PARAMETER!$X$2,SUMIF('2026'!$F:$F,$B15,'2026'!M:M)/PARAMETER!$T$3,"") -> 0 | O15: =IF(O$4<=PARAMETER!$X$2,SUMIF('2026'!$F:$F,$B15,'2026'!N:N)/PARAMETER!$T$3,"") -> 0 | P15: =IF(P$4<=PARAMETER!$X$2,SUMIF('2026'!$F:$F,$B15,'2026'!O:O)/PARAMETER!$T$3,"") -> 0 | Q15: =IF(Q$4<=PARAMETER!$X$2,SUMIF('2026'!$F:$F,$B15,'2026'!P:P)/PARAMETER!$T$3,"") -> 0 | R15: =IF(R$4<=PARAMETER!$X$2,SUMIF('2026'!$F:$F,$B15,'2026'!Q:Q)/PARAMETER!$T$3,"") -> 158667.09 | S15: =IF(S$4<=PARAMETER!$X$2,SUMIF('2026'!$F:$F,$B15,'2026'!R:R)/PARAMETER!$T$3,"") -> 121976.17 | T15: =IF(T$4<=PARAMETER!$X$2,SUMIF('2026'!$F:$F,$B15,'2026'!S:S)/PARAMETER!$T$3,"") -> 145683.03 | U15: =IF(U$4<=PARAMETER!$X$2,SUMIF('2026'!$F:$F,$B15,'2026'!T:T)/PARAMETER!$T$3,"") -> 0 | V15: =IF(V$4<=PARAMETER!$X$2,SUMIF('2026'!$F:$F,$B15,'2026'!U:U)/PARAMETER!$T$3,"") | W15: =IF(W$4<=PARAMETER!$X$2,SUMIF('2026'!$F:$F,$B15,'2026'!V:V)/PARAMETER!$T$3,"") | X15: =IF(X$4<=PARAMETER!$X$2,SUMIF('2026'!$F:$F,$B15,'2026'!W:W)/PARAMETER!$T$3,"") | Y15: =IF(Y$4<=PARAMETER!$X$2,SUMIF('2026'!$F:$F,$B15,'2026'!X:X)/PARAMETER!$T$3,"") | Z15: =IF(Z$4<=PARAMETER!$X$2,SUMIF('2026'!$F:$F,$B15,'2026'!Y:Y)/PARAMETER!$T$3,"") | AA15: =IF(AA$4<=PARAMETER!$X$2,SUMIF('2026'!$F:$F,$B15,'2026'!Z:Z)/PARAMETER!$T$3,"") | AB15: =IF(AB$4<=PARAMETER!$X$2,SUMIF('2026'!$F:$F,$B15,'2026'!AA:AA)/PARAMETER!$T$3,"") | AC15: =IF(AC$4<=PARAMETER!$X$2,SUMIF('2026'!$F:$F,$B15,'2026'!AB:AB)/PARAMETER!$T$3,"") | AD15: =IF(AD$4<=PARAMETER!$X$2,SUMIF('2026'!$F:$F,$B15,'2026'!AC:AC)/PARAMETER!$T$3,"") | AE15: =IF(AE$4<=PARAMETER!$X$2,SUMIF('2026'!$F:$F,$B15,'2026'!AD:AD)/PARAMETER!$T$3,"") | AF15: =IF(AF$4<=PARAMETER!$X$2,SUMIF('2026'!$F:$F,$B15,'2026'!AE:AE)/PARAMETER!$T$3,"") | AG15: =IF(AG$4<=PARAMETER!$X$2,SUMIF('2026'!$F:$F,$B15,'2026'!AF:AF)/PARAMETER!$T$3,"") | AH15: =IF(AH$4<=PARAMETER!$X$2,SUMIF('2026'!$F:$F,$B15,'2026'!AG:AG)/PARAMETER!$T$3,"") | AI15: =IF(AI$4<=PARAMETER!$X$2,SUMIF('2026'!$F:$F,$B15,'2026'!AH:AH)/PARAMETER!$T$3,"") | AJ15: =IF(AJ$4<=PARAMETER!$X$2,SUMIF('2026'!$F:$F,$B15,'2026'!AI:AI)/PARAMETER!$T$3,"") | AK15: =IF(AK$4<=PARAMETER!$X$2,SUMIF('2026'!$F:$F,$B15,'2026'!AJ:AJ)/PARAMETER!$T$3,"") | AL15: =IF(AL$4<=PARAMETER!$X$2,SUMIF('2026'!$F:$F,$B15,'2026'!AK:AK)/PARAMETER!$T$3,"") | AM15: =IF(AM$4<=PARAMETER!$X$2,SUMIF('2026'!$F:$F,$B15,'2026'!AL:AL)/PARAMETER!$T$3,"") | AN15: =IF(AN$4<=PARAMETER!$X$2,SUMIF('2026'!$F:$F,$B15,'2026'!AM:AM)/PARAMETER!$T$3,"") | AO15: =IF(AO$4<=PARAMETER!$X$2,SUMIF('2026'!$F:$F,$B15,'2026'!AN:AN)/PARAMETER!$T$3,"") | AP15: =IF(AP$4<=PARAMETER!$X$2,SUMIF('2026'!$F:$F,$B15,'2026'!AO:AO)/PARAMETER!$T$3,"") | AQ15: =IF(AQ$4<=PARAMETER!$X$2,SUMIF('2026'!$F:$F,$B15,'2026'!AP:AP)/PARAMETER!$T$3,"") | AR15: =IF(AR$4<=PARAMETER!$X$2,SUMIF('2026'!$F:$F,$B15,'2026'!AQ:AQ)/PARAMETER!$T$3,"") | AS15: =IF(AS$4<=PARAMETER!$X$2,SUMIF('2026'!$F:$F,$B15,'2026'!AR:AR)/PARAMETER!$T$3,"") | AT15: =IF(AT$4<=PARAMETER!$X$2,SUMIF('2026'!$F:$F,$B15,'2026'!AS:AS)/PARAMETER!$T$3,"") | AU15: =IF(AU$4<=PARAMETER!$X$2,SUMIF('2026'!$F:$F,$B15,'2026'!AT:AT)/PARAMETER!$T$3,"") | AV15: =IF(AV$4<=PARAMETER!$X$2,SUMIF('2026'!$F:$F,$B15,'2026'!AU:AU)/PARAMETER!$T$3,"") | AW15: =IF(AW$4<=PARAMETER!$X$2,SUMIF('2026'!$F:$F,$B15,'2026'!AV:AV)/PARAMETER!$T$3,"") | AX15: =IF(AX$4<=PARAMETER!$X$2,SUMIF('2026'!$F:$F,$B15,'2026'!AW:AW)/PARAMETER!$T$3,"") | AY15: =IF(AY$4<=PARAMETER!$X$2,SUMIF('2026'!$F:$F,$B15,'2026'!AX:AX)/PARAMETER!$T$3,"") | AZ15: =IF(AZ$4<=PARAMETER!$X$2,SUMIF('2026'!$F:$F,$B15,'2026'!AY:AY)/PARAMETER!$T$3,"") | BA15: =IF(BA$4<=PARAMETER!$X$2,SUMIF('2026'!$F:$F,$B15,'2026'!AZ:AZ)/PARAMETER!$T$3,"") | BB15: =IF(BB$4<=PARAMETER!$X$2,SUMIF('2026'!$F:$F,$B15,'2026'!BA:BA)/PARAMETER!$T$3,"") | BC15: =IF(BC$4<=PARAMETER!$X$2,SUMIF('2026'!$F:$F,$B15,'2026'!BB:BB)/PARAMETER!$T$3,"") | BD15: =IF(BD$4<=PARAMETER!$X$2,SUMIF('2026'!$F:$F,$B15,'2026'!BC:BC)/PARAMETER!$T$3,"") | BE15: =IF(BE$4<=PARAMETER!$X$2,SUMIF('2026'!$F:$F,$B15,'2026'!BD:BD)/PARAMETER!$T$3,"") | BF15: =IF(BF$4<=PARAMETER!$X$2,SUMIF('2026'!$F:$F,$B15,'2026'!BE:BE)/PARAMETER!$T$3,"") | BG15: =IF(BG$4<=PARAMETER!$X$2,SUMIF('2026'!$F:$F,$B15,'2026'!BF:BF)/PARAMETER!$T$3,"") | BH15: =IF(BH$4<=PARAMETER!$X$2,SUMIF('2026'!$F:$F,$B15,'2026'!BG:BG)/PARAMETER!$T$3,"") | BI15: =IF(BI$4<=PARAMETER!$X$2,SUMIF('2026'!$F:$F,$B15,'2026'!BH:BH)/PARAMETER!$T$3,"") | BJ15: =IF(BJ$4<=PARAMETER!$X$2,SUMIF('2026'!$F:$F,$B15,'2026'!BI:BI)/PARAMETER!$T$3,"")
A16: =A15 -> 1 | B16: =CONCATENATE(C16,PARAMETER!T$2) -> ANCOLVOL | C16: =C15 -> ANCOL | D16: YoY (%) | E16: =IFERROR(I16/I17-1,"") -> 4.996044 | F16: =IFERROR(IF(E16>300%,300%,E16),"") -> 3 | G16: =G9 -> 2025 | H16: =IF(H$4<=PARAMETER!$X$2,SUMIF('2025'!$F:$F,$B16,'2025'!G:G)/PARAMETER!$T$3,"") -> 13151.059 | I16: =IF(I$4<=PARAMETER!$X$2,SUMIF('2025'!$F:$F,$B16,'2025'!H:H)/PARAMETER!$T$3,"") -> 31.009141 | J16: =IF(J$4<=PARAMETER!$X$2,SUMIF('2025'!$F:$F,$B16,'2025'!I:I)/PARAMETER!$T$3,"") -> 3.642 | K16: =IF(K$4<=PARAMETER!$X$2,SUMIF('2025'!$F:$F,$B16,'2025'!J:J)/PARAMETER!$T$3,"") -> 0.7815 | L16: =IF(L$4<=PARAMETER!$X$2,SUMIF('2025'!$F:$F,$B16,'2025'!K:K)/PARAMETER!$T$3,"") -> 0.556 | M16: =IF(M$4<=PARAMETER!$X$2,SUMIF('2025'!$F:$F,$B16,'2025'!L:L)/PARAMETER!$T$3,"") -> 0.6551 | N16: =IF(N$4<=PARAMETER!$X$2,SUMIF('2025'!$F:$F,$B16,'2025'!M:M)/PARAMETER!$T$3,"") -> 5.62289 | O16: =IF(O$4<=PARAMETER!$X$2,SUMIF('2025'!$F:$F,$B16,'2025'!N:N)/PARAMETER!$T$3,"") -> 0.949975 | P16: =IF(P$4<=PARAMETER!$X$2,SUMIF('2025'!$F:$F,$B16,'2025'!O:O)/PARAMETER!$T$3,"") -> 1.115523 | Q16: =IF(Q$4<=PARAMETER!$X$2,SUMIF('2025'!$F:$F,$B16,'2025'!P:P)/PARAMETER!$T$3,"") -> 0.379 | R16: =IF(R$4<=PARAMETER!$X$2,SUMIF('2025'!$F:$F,$B16,'2025'!Q:Q)/PARAMETER!$T$3,"") -> 5.7874 | S16: =IF(S$4<=PARAMETER!$X$2,SUMIF('2025'!$F:$F,$B16,'2025'!R:R)/PARAMETER!$T$3,"") -> 3.91881 | T16: =IF(T$4<=PARAMETER!$X$2,SUMIF('2025'!$F:$F,$B16,'2025'!S:S)/PARAMETER!$T$3,"") -> 6.450443 | U16: =IF(U$4<=PARAMETER!$X$2,SUMIF('2025'!$F:$F,$B16,'2025'!T:T)/PARAMETER!$T$3,"") -> 1.1505 | V16: =IF(V$4<=PARAMETER!$X$2,SUMIF('2025'!$F:$F,$B16,'2025'!U:U)/PARAMETER!$T$3,"") | W16: =IF(W$4<=PARAMETER!$X$2,SUMIF('2025'!$F:$F,$B16,'2025'!V:V)/PARAMETER!$T$3,"") | X16: =IF(X$4<=PARAMETER!$X$2,SUMIF('2025'!$F:$F,$B16,'2025'!W:W)/PARAMETER!$T$3,"") | Y16: =IF(Y$4<=PARAMETER!$X$2,SUMIF('2025'!$F:$F,$B16,'2025'!X:X)/PARAMETER!$T$3,"") | Z16: =IF(Z$4<=PARAMETER!$X$2,SUMIF('2025'!$F:$F,$B16,'2025'!Y:Y)/PARAMETER!$T$3,"") | AA16: =IF(AA$4<=PARAMETER!$X$2,SUMIF('2025'!$F:$F,$B16,'2025'!Z:Z)/PARAMETER!$T$3,"") | AB16: =IF(AB$4<=PARAMETER!$X$2,SUMIF('2025'!$F:$F,$B16,'2025'!AA:AA)/PARAMETER!$T$3,"") | AC16: =IF(AC$4<=PARAMETER!$X$2,SUMIF('2025'!$F:$F,$B16,'2025'!AB:AB)/PARAMETER!$T$3,"") | AD16: =IF(AD$4<=PARAMETER!$X$2,SUMIF('2025'!$F:$F,$B16,'2025'!AC:AC)/PARAMETER!$T$3,"") | AE16: =IF(AE$4<=PARAMETER!$X$2,SUMIF('2025'!$F:$F,$B16,'2025'!AD:AD)/PARAMETER!$T$3,"") | AF16: =IF(AF$4<=PARAMETER!$X$2,SUMIF('2025'!$F:$F,$B16,'2025'!AE:AE)/PARAMETER!$T$3,"") | AG16: =IF(AG$4<=PARAMETER!$X$2,SUMIF('2025'!$F:$F,$B16,'2025'!AF:AF)/PARAMETER!$T$3,"") | AH16: =IF(AH$4<=PARAMETER!$X$2,SUMIF('2025'!$F:$F,$B16,'2025'!AG:AG)/PARAMETER!$T$3,"") | AI16: =IF(AI$4<=PARAMETER!$X$2,SUMIF('2025'!$F:$F,$B16,'2025'!AH:AH)/PARAMETER!$T$3,"") | AJ16: =IF(AJ$4<=PARAMETER!$X$2,SUMIF('2025'!$F:$F,$B16,'2025'!AI:AI)/PARAMETER!$T$3,"") | AK16: =IF(AK$4<=PARAMETER!$X$2,SUMIF('2025'!$F:$F,$B16,'2025'!AJ:AJ)/PARAMETER!$T$3,"") | AL16: =IF(AL$4<=PARAMETER!$X$2,SUMIF('2025'!$F:$F,$B16,'2025'!AK:AK)/PARAMETER!$T$3,"") | AM16: =IF(AM$4<=PARAMETER!$X$2,SUMIF('2025'!$F:$F,$B16,'2025'!AL:AL)/PARAMETER!$T$3,"") | AN16: =IF(AN$4<=PARAMETER!$X$2,SUMIF('2025'!$F:$F,$B16,'2025'!AM:AM)/PARAMETER!$T$3,"") | AO16: =IF(AO$4<=PARAMETER!$X$2,SUMIF('2025'!$F:$F,$B16,'2025'!AN:AN)/PARAMETER!$T$3,"") | AP16: =IF(AP$4<=PARAMETER!$X$2,SUMIF('2025'!$F:$F,$B16,'2025'!AO:AO)/PARAMETER!$T$3,"") | AQ16: =IF(AQ$4<=PARAMETER!$X$2,SUMIF('2025'!$F:$F,$B16,'2025'!AP:AP)/PARAMETER!$T$3,"") | AR16: =IF(AR$4<=PARAMETER!$X$2,SUMIF('2025'!$F:$F,$B16,'2025'!AQ:AQ)/PARAMETER!$T$3,"") | AS16: =IF(AS$4<=PARAMETER!$X$2,SUMIF('2025'!$F:$F,$B16,'2025'!AR:AR)/PARAMETER!$T$3,"") | AT16: =IF(AT$4<=PARAMETER!$X$2,SUMIF('2025'!$F:$F,$B16,'2025'!AS:AS)/PARAMETER!$T$3,"") | AU16: =IF(AU$4<=PARAMETER!$X$2,SUMIF('2025'!$F:$F,$B16,'2025'!AT:AT)/PARAMETER!$T$3,"") | AV16: =IF(AV$4<=PARAMETER!$X$2,SUMIF('2025'!$F:$F,$B16,'2025'!AU:AU)/PARAMETER!$T$3,"") | AW16: =IF(AW$4<=PARAMETER!$X$2,SUMIF('2025'!$F:$F,$B16,'2025'!AV:AV)/PARAMETER!$T$3,"") | AX16: =IF(AX$4<=PARAMETER!$X$2,SUMIF('2025'!$F:$F,$B16,'2025'!AW:AW)/PARAMETER!$T$3,"") | AY16: =IF(AY$4<=PARAMETER!$X$2,SUMIF('2025'!$F:$F,$B16,'2025'!AX:AX)/PARAMETER!$T$3,"") | AZ16: =IF(AZ$4<=PARAMETER!$X$2,SUMIF('2025'!$F:$F,$B16,'2025'!AY:AY)/PARAMETER!$T$3,"") | BA16: =IF(BA$4<=PARAMETER!$X$2,SUMIF('2025'!$F:$F,$B16,'2025'!AZ:AZ)/PARAMETER!$T$3,"") | BB16: =IF(BB$4<=PARAMETER!$X$2,SUMIF('2025'!$F:$F,$B16,'2025'!BA:BA)/PARAMETER!$T$3,"") | BC16: =IF(BC$4<=PARAMETER!$X$2,SUMIF('2025'!$F:$F,$B16,'2025'!BB:BB)/PARAMETER!$T$3,"") | BD16: =IF(BD$4<=PARAMETER!$X$2,SUMIF('2025'!$F:$F,$B16,'2025'!BC:BC)/PARAMETER!$T$3,"") | BE16: =IF(BE$4<=PARAMETER!$X$2,SUMIF('2025'!$F:$F,$B16,'2025'!BD:BD)/PARAMETER!$T$3,"") | BF16: =IF(BF$4<=PARAMETER!$X$2,SUMIF('2025'!$F:$F,$B16,'2025'!BE:BE)/PARAMETER!$T$3,"") | BG16: =IF(BG$4<=PARAMETER!$X$2,SUMIF('2025'!$F:$F,$B16,'2025'!BF:BF)/PARAMETER!$T$3,"") | BH16: =IF(BH$4<=PARAMETER!$X$2,SUMIF('2025'!$F:$F,$B16,'2025'!BG:BG)/PARAMETER!$T$3,"") | BI16: =IF(BI$4<=PARAMETER!$X$2,SUMIF('2025'!$F:$F,$B16,'2025'!BH:BH)/PARAMETER!$T$3,"") | BJ16: =IF(BJ$4<=PARAMETER!$X$2,SUMIF('2025'!$F:$F,$B16,'2025'!BI:BI)/PARAMETER!$T$3,"")
A17: =A15 -> 1 | B17: =CONCATENATE(C17,PARAMETER!T$2) -> ANCOLVOL | C17: =C16 -> ANCOL | G17: =G10 -> 2024 | H17: =IF(H$4<=PARAMETER!$X$2,SUMIF('2024'!$F:$F,$B17,'2024'!G:G)/PARAMETER!$T$3,"") -> 34.5148 | I17: =IF(I$4<=PARAMETER!$X$2,SUMIF('2024'!$F:$F,$B17,'2024'!H:H)/PARAMETER!$T$3,"") -> 5.1716 | J17: =IF(J$4<=PARAMETER!$X$2,SUMIF('2024'!$F:$F,$B17,'2024'!I:I)/PARAMETER!$T$3,"") -> 1.8527 | K17: =IF(K$4<=PARAMETER!$X$2,SUMIF('2024'!$F:$F,$B17,'2024'!J:J)/PARAMETER!$T$3,"") -> 0.0641 | L17: =IF(L$4<=PARAMETER!$X$2,SUMIF('2024'!$F:$F,$B17,'2024'!K:K)/PARAMETER!$T$3,"") -> 0 | M17: =IF(M$4<=PARAMETER!$X$2,SUMIF('2024'!$F:$F,$B17,'2024'!L:L)/PARAMETER!$T$3,"") -> 1.881 | N17: =IF(N$4<=PARAMETER!$X$2,SUMIF('2024'!$F:$F,$B17,'2024'!M:M)/PARAMETER!$T$3,"") -> 0.5168 | O17: =IF(O$4<=PARAMETER!$X$2,SUMIF('2024'!$F:$F,$B17,'2024'!N:N)/PARAMETER!$T$3,"") -> 0.4005 | P17: =IF(P$4<=PARAMETER!$X$2,SUMIF('2024'!$F:$F,$B17,'2024'!O:O)/PARAMETER!$T$3,"") -> 0 | Q17: =IF(Q$4<=PARAMETER!$X$2,SUMIF('2024'!$F:$F,$B17,'2024'!P:P)/PARAMETER!$T$3,"") -> 0 | R17: =IF(R$4<=PARAMETER!$X$2,SUMIF('2024'!$F:$F,$B17,'2024'!Q:Q)/PARAMETER!$T$3,"") -> 0.3353 | S17: =IF(S$4<=PARAMETER!$X$2,SUMIF('2024'!$F:$F,$B17,'2024'!R:R)/PARAMETER!$T$3,"") -> 0 | T17: =IF(T$4<=PARAMETER!$X$2,SUMIF('2024'!$F:$F,$B17,'2024'!S:S)/PARAMETER!$T$3,"") -> 0 | U17: =IF(U$4<=PARAMETER!$X$2,SUMIF('2024'!$F:$F,$B17,'2024'!T:T)/PARAMETER!$T$3,"") -> 0.1212 | V17: =IF(V$4<=PARAMETER!$X$2,SUMIF('2024'!$F:$F,$B17,'2024'!U:U)/PARAMETER!$T$3,"") | W17: =IF(W$4<=PARAMETER!$X$2,SUMIF('2024'!$F:$F,$B17,'2024'!V:V)/PARAMETER!$T$3,"") | X17: =IF(X$4<=PARAMETER!$X$2,SUMIF('2024'!$F:$F,$B17,'2024'!W:W)/PARAMETER!$T$3,"") | Y17: =IF(Y$4<=PARAMETER!$X$2,SUMIF('2024'!$F:$F,$B17,'2024'!X:X)/PARAMETER!$T$3,"") | Z17: =IF(Z$4<=PARAMETER!$X$2,SUMIF('2024'!$F:$F,$B17,'2024'!Y:Y)/PARAMETER!$T$3,"") | AA17: =IF(AA$4<=PARAMETER!$X$2,SUMIF('2024'!$F:$F,$B17,'2024'!Z:Z)/PARAMETER!$T$3,"") | AB17: =IF(AB$4<=PARAMETER!$X$2,SUMIF('2024'!$F:$F,$B17,'2024'!AA:AA)/PARAMETER!$T$3,"") | AC17: =IF(AC$4<=PARAMETER!$X$2,SUMIF('2024'!$F:$F,$B17,'2024'!AB:AB)/PARAMETER!$T$3,"") | AD17: =IF(AD$4<=PARAMETER!$X$2,SUMIF('2024'!$F:$F,$B17,'2024'!AC:AC)/PARAMETER!$T$3,"") | AE17: =IF(AE$4<=PARAMETER!$X$2,SUMIF('2024'!$F:$F,$B17,'2024'!AD:AD)/PARAMETER!$T$3,"") | AF17: =IF(AF$4<=PARAMETER!$X$2,SUMIF('2024'!$F:$F,$B17,'2024'!AE:AE)/PARAMETER!$T$3,"") | AG17: =IF(AG$4<=PARAMETER!$X$2,SUMIF('2024'!$F:$F,$B17,'2024'!AF:AF)/PARAMETER!$T$3,"") | AH17: =IF(AH$4<=PARAMETER!$X$2,SUMIF('2024'!$F:$F,$B17,'2024'!AG:AG)/PARAMETER!$T$3,"") | AI17: =IF(AI$4<=PARAMETER!$X$2,SUMIF('2024'!$F:$F,$B17,'2024'!AH:AH)/PARAMETER!$T$3,"") | AJ17: =IF(AJ$4<=PARAMETER!$X$2,SUMIF('2024'!$F:$F,$B17,'2024'!AI:AI)/PARAMETER!$T$3,"") | AK17: =IF(AK$4<=PARAMETER!$X$2,SUMIF('2024'!$F:$F,$B17,'2024'!AJ:AJ)/PARAMETER!$T$3,"") | AL17: =IF(AL$4<=PARAMETER!$X$2,SUMIF('2024'!$F:$F,$B17,'2024'!AK:AK)/PARAMETER!$T$3,"") | AM17: =IF(AM$4<=PARAMETER!$X$2,SUMIF('2024'!$F:$F,$B17,'2024'!AL:AL)/PARAMETER!$T$3,"") | AN17: =IF(AN$4<=PARAMETER!$X$2,SUMIF('2024'!$F:$F,$B17,'2024'!AM:AM)/PARAMETER!$T$3,"") | AO17: =IF(AO$4<=PARAMETER!$X$2,SUMIF('2024'!$F:$F,$B17,'2024'!AN:AN)/PARAMETER!$T$3,"") | AP17: =IF(AP$4<=PARAMETER!$X$2,SUMIF('2024'!$F:$F,$B17,'2024'!AO:AO)/PARAMETER!$T$3,"") | AQ17: =IF(AQ$4<=PARAMETER!$X$2,SUMIF('2024'!$F:$F,$B17,'2024'!AP:AP)/PARAMETER!$T$3,"") | AR17: =IF(AR$4<=PARAMETER!$X$2,SUMIF('2024'!$F:$F,$B17,'2024'!AQ:AQ)/PARAMETER!$T$3,"") | AS17: =IF(AS$4<=PARAMETER!$X$2,SUMIF('2024'!$F:$F,$B17,'2024'!AR:AR)/PARAMETER!$T$3,"") | AT17: =IF(AT$4<=PARAMETER!$X$2,SUMIF('2024'!$F:$F,$B17,'2024'!AS:AS)/PARAMETER!$T$3,"") | AU17: =IF(AU$4<=PARAMETER!$X$2,SUMIF('2024'!$F:$F,$B17,'2024'!AT:AT)/PARAMETER!$T$3,"") | AV17: =IF(AV$4<=PARAMETER!$X$2,SUMIF('2024'!$F:$F,$B17,'2024'!AU:AU)/PARAMETER!$T$3,"") | AW17: =IF(AW$4<=PARAMETER!$X$2,SUMIF('2024'!$F:$F,$B17,'2024'!AV:AV)/PARAMETER!$T$3,"") | AX17: =IF(AX$4<=PARAMETER!$X$2,SUMIF('2024'!$F:$F,$B17,'2024'!AW:AW)/PARAMETER!$T$3,"") | AY17: =IF(AY$4<=PARAMETER!$X$2,SUMIF('2024'!$F:$F,$B17,'2024'!AX:AX)/PARAMETER!$T$3,"") | AZ17: =IF(AZ$4<=PARAMETER!$X$2,SUMIF('2024'!$F:$F,$B17,'2024'!AY:AY)/PARAMETER!$T$3,"") | BA17: =IF(BA$4<=PARAMETER!$X$2,SUMIF('2024'!$F:$F,$B17,'2024'!AZ:AZ)/PARAMETER!$T$3,"") | BB17: =IF(BB$4<=PARAMETER!$X$2,SUMIF('2024'!$F:$F,$B17,'2024'!BA:BA)/PARAMETER!$T$3,"") | BC17: =IF(BC$4<=PARAMETER!$X$2,SUMIF('2024'!$F:$F,$B17,'2024'!BB:BB)/PARAMETER!$T$3,"") | BD17: =IF(BD$4<=PARAMETER!$X$2,SUMIF('2024'!$F:$F,$B17,'2024'!BC:BC)/PARAMETER!$T$3,"") | BE17: =IF(BE$4<=PARAMETER!$X$2,SUMIF('2024'!$F:$F,$B17,'2024'!BD:BD)/PARAMETER!$T$3,"") | BF17: =IF(BF$4<=PARAMETER!$X$2,SUMIF('2024'!$F:$F,$B17,'2024'!BE:BE)/PARAMETER!$T$3,"") | BG17: =IF(BG$4<=PARAMETER!$X$2,SUMIF('2024'!$F:$F,$B17,'2024'!BF:BF)/PARAMETER!$T$3,"") | BH17: =IF(BH$4<=PARAMETER!$X$2,SUMIF('2024'!$F:$F,$B17,'2024'!BG:BG)/PARAMETER!$T$3,"") | BI17: =IF(BI$4<=PARAMETER!$X$2,SUMIF('2024'!$F:$F,$B17,'2024'!BH:BH)/PARAMETER!$T$3,"") | BJ17: =IF(BJ$4<=PARAMETER!$X$2,SUMIF('2024'!$F:$F,$B17,'2024'!BI:BI)/PARAMETER!$T$3,"")
A18: 2 | B18: =CONCATENATE(C18,PARAMETER!T$2) -> DWIDAYAVOL | C18: =IFERROR(VLOOKUP(A18,PARAMETER!K$2:M26,3,0),"") -> DWIDAYA | D18: Ach (%) | E18: =IFERROR(I19/I18,"") -> 18.217852 | F18: =IFERROR(IF(E18>300%,300%,E18),"") -> 3 | G18: =G14 -> Target | H18: =IF(H$4<=PARAMETER!$X$2,SUMIF('2026 T'!$F:$F,$B18,'2026 T'!G:G)/PARAMETER!$T$3,"") -> 29100 | I18: =IF(I$4<=PARAMETER!$X$2,SUMIF('2026 T'!$F:$F,$B18,'2026 T'!H:H)/PARAMETER!$T$3,"") -> 1711.4155 | J18: =IF(J$4<=PARAMETER!$X$2,SUMIF('2026 T'!$F:$F,$B18,'2026 T'!I:I)/PARAMETER!$T$3,"") -> 56.909742 | K18: =IF(K$4<=PARAMETER!$X$2,SUMIF('2026 T'!$F:$F,$B18,'2026 T'!J:J)/PARAMETER!$T$3,"") -> 209.83773 | L18: =IF(L$4<=PARAMETER!$X$2,SUMIF('2026 T'!$F:$F,$B18,'2026 T'!K:K)/PARAMETER!$T$3,"") -> 68.637113 | M18: =IF(M$4<=PARAMETER!$X$2,SUMIF('2026 T'!$F:$F,$B18,'2026 T'!L:L)/PARAMETER!$T$3,"") -> 214.3859 | N18: =IF(N$4<=PARAMETER!$X$2,SUMIF('2026 T'!$F:$F,$B18,'2026 T'!M:M)/PARAMETER!$T$3,"") -> 395.34561 | O18: =IF(O$4<=PARAMETER!$X$2,SUMIF('2026 T'!$F:$F,$B18,'2026 T'!N:N)/PARAMETER!$T$3,"") -> 407.26296 | P18: =IF(P$4<=PARAMETER!$X$2,SUMIF('2026 T'!$F:$F,$B18,'2026 T'!O:O)/PARAMETER!$T$3,"") -> 171.80578 | Q18: =IF(Q$4<=PARAMETER!$X$2,SUMIF('2026 T'!$F:$F,$B18,'2026 T'!P:P)/PARAMETER!$T$3,"") -> 141.16607 | R18: =IF(R$4<=PARAMETER!$X$2,SUMIF('2026 T'!$F:$F,$B18,'2026 T'!Q:Q)/PARAMETER!$T$3,"") -> 46.064561 | S18: =IF(S$4<=PARAMETER!$X$2,SUMIF('2026 T'!$F:$F,$B18,'2026 T'!R:R)/PARAMETER!$T$3,"") -> 466.36042 | T18: =IF(T$4<=PARAMETER!$X$2,SUMIF('2026 T'!$F:$F,$B18,'2026 T'!S:S)/PARAMETER!$T$3,"") -> 292.62022 | U18: =IF(U$4<=PARAMETER!$X$2,SUMIF('2026 T'!$F:$F,$B18,'2026 T'!T:T)/PARAMETER!$T$3,"") -> 131.76603 | V18: =IF(V$4<=PARAMETER!$X$2,SUMIF('2026 T'!$F:$F,$B18,'2026 T'!U:U)/PARAMETER!$T$3,"") | W18: =IF(W$4<=PARAMETER!$X$2,SUMIF('2026 T'!$F:$F,$B18,'2026 T'!V:V)/PARAMETER!$T$3,"") | X18: =IF(X$4<=PARAMETER!$X$2,SUMIF('2026 T'!$F:$F,$B18,'2026 T'!W:W)/PARAMETER!$T$3,"") | Y18: =IF(Y$4<=PARAMETER!$X$2,SUMIF('2026 T'!$F:$F,$B18,'2026 T'!X:X)/PARAMETER!$T$3,"") | Z18: =IF(Z$4<=PARAMETER!$X$2,SUMIF('2026 T'!$F:$F,$B18,'2026 T'!Y:Y)/PARAMETER!$T$3,"") | AA18: =IF(AA$4<=PARAMETER!$X$2,SUMIF('2026 T'!$F:$F,$B18,'2026 T'!Z:Z)/PARAMETER!$T$3,"") | AB18: =IF(AB$4<=PARAMETER!$X$2,SUMIF('2026 T'!$F:$F,$B18,'2026 T'!AA:AA)/PARAMETER!$T$3,"") | AC18: =IF(AC$4<=PARAMETER!$X$2,SUMIF('2026 T'!$F:$F,$B18,'2026 T'!AB:AB)/PARAMETER!$T$3,"") | AD18: =IF(AD$4<=PARAMETER!$X$2,SUMIF('2026 T'!$F:$F,$B18,'2026 T'!AC:AC)/PARAMETER!$T$3,"") | AE18: =IF(AE$4<=PARAMETER!$X$2,SUMIF('2026 T'!$F:$F,$B18,'2026 T'!AD:AD)/PARAMETER!$T$3,"") | AF18: =IF(AF$4<=PARAMETER!$X$2,SUMIF('2026 T'!$F:$F,$B18,'2026 T'!AE:AE)/PARAMETER!$T$3,"") | AG18: =IF(AG$4<=PARAMETER!$X$2,SUMIF('2026 T'!$F:$F,$B18,'2026 T'!AF:AF)/PARAMETER!$T$3,"") | AH18: =IF(AH$4<=PARAMETER!$X$2,SUMIF('2026 T'!$F:$F,$B18,'2026 T'!AG:AG)/PARAMETER!$T$3,"") | AI18: =IF(AI$4<=PARAMETER!$X$2,SUMIF('2026 T'!$F:$F,$B18,'2026 T'!AH:AH)/PARAMETER!$T$3,"") | AJ18: =IF(AJ$4<=PARAMETER!$X$2,SUMIF('2026 T'!$F:$F,$B18,'2026 T'!AI:AI)/PARAMETER!$T$3,"") | AK18: =IF(AK$4<=PARAMETER!$X$2,SUMIF('2026 T'!$F:$F,$B18,'2026 T'!AJ:AJ)/PARAMETER!$T$3,"") | AL18: =IF(AL$4<=PARAMETER!$X$2,SUMIF('2026 T'!$F:$F,$B18,'2026 T'!AK:AK)/PARAMETER!$T$3,"") | AM18: =IF(AM$4<=PARAMETER!$X$2,SUMIF('2026 T'!$F:$F,$B18,'2026 T'!AL:AL)/PARAMETER!$T$3,"") | AN18: =IF(AN$4<=PARAMETER!$X$2,SUMIF('2026 T'!$F:$F,$B18,'2026 T'!AM:AM)/PARAMETER!$T$3,"") | AO18: =IF(AO$4<=PARAMETER!$X$2,SUMIF('2026 T'!$F:$F,$B18,'2026 T'!AN:AN)/PARAMETER!$T$3,"") | AP18: =IF(AP$4<=PARAMETER!$X$2,SUMIF('2026 T'!$F:$F,$B18,'2026 T'!AO:AO)/PARAMETER!$T$3,"") | AQ18: =IF(AQ$4<=PARAMETER!$X$2,SUMIF('2026 T'!$F:$F,$B18,'2026 T'!AP:AP)/PARAMETER!$T$3,"") | AR18: =IF(AR$4<=PARAMETER!$X$2,SUMIF('2026 T'!$F:$F,$B18,'2026 T'!AQ:AQ)/PARAMETER!$T$3,"") | AS18: =IF(AS$4<=PARAMETER!$X$2,SUMIF('2026 T'!$F:$F,$B18,'2026 T'!AR:AR)/PARAMETER!$T$3,"") | AT18: =IF(AT$4<=PARAMETER!$X$2,SUMIF('2026 T'!$F:$F,$B18,'2026 T'!AS:AS)/PARAMETER!$T$3,"") | AU18: =IF(AU$4<=PARAMETER!$X$2,SUMIF('2026 T'!$F:$F,$B18,'2026 T'!AT:AT)/PARAMETER!$T$3,"") | AV18: =IF(AV$4<=PARAMETER!$X$2,SUMIF('2026 T'!$F:$F,$B18,'2026 T'!AU:AU)/PARAMETER!$T$3,"") | AW18: =IF(AW$4<=PARAMETER!$X$2,SUMIF('2026 T'!$F:$F,$B18,'2026 T'!AV:AV)/PARAMETER!$T$3,"") | AX18: =IF(AX$4<=PARAMETER!$X$2,SUMIF('2026 T'!$F:$F,$B18,'2026 T'!AW:AW)/PARAMETER!$T$3,"") | AY18: =IF(AY$4<=PARAMETER!$X$2,SUMIF('2026 T'!$F:$F,$B18,'2026 T'!AX:AX)/PARAMETER!$T$3,"") | AZ18: =IF(AZ$4<=PARAMETER!$X$2,SUMIF('2026 T'!$F:$F,$B18,'2026 T'!AY:AY)/PARAMETER!$T$3,"") | BA18: =IF(BA$4<=PARAMETER!$X$2,SUMIF('2026 T'!$F:$F,$B18,'2026 T'!AZ:AZ)/PARAMETER!$T$3,"") | BB18: =IF(BB$4<=PARAMETER!$X$2,SUMIF('2026 T'!$F:$F,$B18,'2026 T'!BA:BA)/PARAMETER!$T$3,"") | BC18: =IF(BC$4<=PARAMETER!$X$2,SUMIF('2026 T'!$F:$F,$B18,'2026 T'!BB:BB)/PARAMETER!$T$3,"") | BD18: =IF(BD$4<=PARAMETER!$X$2,SUMIF('2026 T'!$F:$F,$B18,'2026 T'!BC:BC)/PARAMETER!$T$3,"") | BE18: =IF(BE$4<=PARAMETER!$X$2,SUMIF('2026 T'!$F:$F,$B18,'2026 T'!BD:BD)/PARAMETER!$T$3,"") | BF18: =IF(BF$4<=PARAMETER!$X$2,SUMIF('2026 T'!$F:$F,$B18,'2026 T'!BE:BE)/PARAMETER!$T$3,"") | BG18: =IF(BG$4<=PARAMETER!$X$2,SUMIF('2026 T'!$F:$F,$B18,'2026 T'!BF:BF)/PARAMETER!$T$3,"") | BH18: =IF(BH$4<=PARAMETER!$X$2,SUMIF('2026 T'!$F:$F,$B18,'2026 T'!BG:BG)/PARAMETER!$T$3,"") | BI18: =IF(BI$4<=PARAMETER!$X$2,SUMIF('2026 T'!$F:$F,$B18,'2026 T'!BH:BH)/PARAMETER!$T$3,"") | BJ18: =IF(BJ$4<=PARAMETER!$X$2,SUMIF('2026 T'!$F:$F,$B18,'2026 T'!BI:BI)/PARAMETER!$T$3,"")
A19: =A18 -> 2 | B19: =CONCATENATE(C19,PARAMETER!T$2) -> DWIDAYAVOL | C19: =C18 -> DWIDAYA | D19: YoY (%) | E19: =IFERROR(I19/I20-1,"") -> 67.980785 | F19: =IFERROR(IF(E19>300%,300%,E19),"") -> 3 | G19: =G15 -> 2026 | H19: =IF(H$4<=PARAMETER!$X$2,SUMIF('2026'!$F:$F,$B19,'2026'!G:G)/PARAMETER!$T$3,"") -> 33402.648 | I19: =IF(I$4<=PARAMETER!$X$2,SUMIF('2026'!$F:$F,$B19,'2026'!H:H)/PARAMETER!$T$3,"") -> 31178.314 | J19: =IF(J$4<=PARAMETER!$X$2,SUMIF('2026'!$F:$F,$B19,'2026'!I:I)/PARAMETER!$T$3,"") -> 0 | K19: =IF(K$4<=PARAMETER!$X$2,SUMIF('2026'!$F:$F,$B19,'2026'!J:J)/PARAMETER!$T$3,"") -> 0 | L19: =IF(L$4<=PARAMETER!$X$2,SUMIF('2026'!$F:$F,$B19,'2026'!K:K)/PARAMETER!$T$3,"") -> 0 | M19: =IF(M$4<=PARAMETER!$X$2,SUMIF('2026'!$F:$F,$B19,'2026'!L:L)/PARAMETER!$T$3,"") -> 0 | N19: =IF(N$4<=PARAMETER!$X$2,SUMIF('2026'!$F:$F,$B19,'2026'!M:M)/PARAMETER!$T$3,"") -> 0 | O19: =IF(O$4<=PARAMETER!$X$2,SUMIF('2026'!$F:$F,$B19,'2026'!N:N)/PARAMETER!$T$3,"") -> 0 | P19: =IF(P$4<=PARAMETER!$X$2,SUMIF('2026'!$F:$F,$B19,'2026'!O:O)/PARAMETER!$T$3,"") -> 0 | Q19: =IF(Q$4<=PARAMETER!$X$2,SUMIF('2026'!$F:$F,$B19,'2026'!P:P)/PARAMETER!$T$3,"") -> 0 | R19: =IF(R$4<=PARAMETER!$X$2,SUMIF('2026'!$F:$F,$B19,'2026'!Q:Q)/PARAMETER!$T$3,"") -> 24885.846 | S19: =IF(S$4<=PARAMETER!$X$2,SUMIF('2026'!$F:$F,$B19,'2026'!R:R)/PARAMETER!$T$3,"") -> 3352.439 | T19: =IF(T$4<=PARAMETER!$X$2,SUMIF('2026'!$F:$F,$B19,'2026'!S:S)/PARAMETER!$T$3,"") -> 2940.029 | U19: =IF(U$4<=PARAMETER!$X$2,SUMIF('2026'!$F:$F,$B19,'2026'!T:T)/PARAMETER!$T$3,"") -> 0 | V19: =IF(V$4<=PARAMETER!$X$2,SUMIF('2026'!$F:$F,$B19,'2026'!U:U)/PARAMETER!$T$3,"") | W19: =IF(W$4<=PARAMETER!$X$2,SUMIF('2026'!$F:$F,$B19,'2026'!V:V)/PARAMETER!$T$3,"") | X19: =IF(X$4<=PARAMETER!$X$2,SUMIF('2026'!$F:$F,$B19,'2026'!W:W)/PARAMETER!$T$3,"") | Y19: =IF(Y$4<=PARAMETER!$X$2,SUMIF('2026'!$F:$F,$B19,'2026'!X:X)/PARAMETER!$T$3,"") | Z19: =IF(Z$4<=PARAMETER!$X$2,SUMIF('2026'!$F:$F,$B19,'2026'!Y:Y)/PARAMETER!$T$3,"") | AA19: =IF(AA$4<=PARAMETER!$X$2,SUMIF('2026'!$F:$F,$B19,'2026'!Z:Z)/PARAMETER!$T$3,"") | AB19: =IF(AB$4<=PARAMETER!$X$2,SUMIF('2026'!$F:$F,$B19,'2026'!AA:AA)/PARAMETER!$T$3,"") | AC19: =IF(AC$4<=PARAMETER!$X$2,SUMIF('2026'!$F:$F,$B19,'2026'!AB:AB)/PARAMETER!$T$3,"") | AD19: =IF(AD$4<=PARAMETER!$X$2,SUMIF('2026'!$F:$F,$B19,'2026'!AC:AC)/PARAMETER!$T$3,"") | AE19: =IF(AE$4<=PARAMETER!$X$2,SUMIF('2026'!$F:$F,$B19,'2026'!AD:AD)/PARAMETER!$T$3,"") | AF19: =IF(AF$4<=PARAMETER!$X$2,SUMIF('2026'!$F:$F,$B19,'2026'!AE:AE)/PARAMETER!$T$3,"") | AG19: =IF(AG$4<=PARAMETER!$X$2,SUMIF('2026'!$F:$F,$B19,'2026'!AF:AF)/PARAMETER!$T$3,"") | AH19: =IF(AH$4<=PARAMETER!$X$2,SUMIF('2026'!$F:$F,$B19,'2026'!AG:AG)/PARAMETER!$T$3,"") | AI19: =IF(AI$4<=PARAMETER!$X$2,SUMIF('2026'!$F:$F,$B19,'2026'!AH:AH)/PARAMETER!$T$3,"") | AJ19: =IF(AJ$4<=PARAMETER!$X$2,SUMIF('2026'!$F:$F,$B19,'2026'!AI:AI)/PARAMETER!$T$3,"") | AK19: =IF(AK$4<=PARAMETER!$X$2,SUMIF('2026'!$F:$F,$B19,'2026'!AJ:AJ)/PARAMETER!$T$3,"") | AL19: =IF(AL$4<=PARAMETER!$X$2,SUMIF('2026'!$F:$F,$B19,'2026'!AK:AK)/PARAMETER!$T$3,"") | AM19: =IF(AM$4<=PARAMETER!$X$2,SUMIF('2026'!$F:$F,$B19,'2026'!AL:AL)/PARAMETER!$T$3,"") | AN19: =IF(AN$4<=PARAMETER!$X$2,SUMIF('2026'!$F:$F,$B19,'2026'!AM:AM)/PARAMETER!$T$3,"") | AO19: =IF(AO$4<=PARAMETER!$X$2,SUMIF('2026'!$F:$F,$B19,'2026'!AN:AN)/PARAMETER!$T$3,"") | AP19: =IF(AP$4<=PARAMETER!$X$2,SUMIF('2026'!$F:$F,$B19,'2026'!AO:AO)/PARAMETER!$T$3,"") | AQ19: =IF(AQ$4<=PARAMETER!$X$2,SUMIF('2026'!$F:$F,$B19,'2026'!AP:AP)/PARAMETER!$T$3,"") | AR19: =IF(AR$4<=PARAMETER!$X$2,SUMIF('2026'!$F:$F,$B19,'2026'!AQ:AQ)/PARAMETER!$T$3,"") | AS19: =IF(AS$4<=PARAMETER!$X$2,SUMIF('2026'!$F:$F,$B19,'2026'!AR:AR)/PARAMETER!$T$3,"") | AT19: =IF(AT$4<=PARAMETER!$X$2,SUMIF('2026'!$F:$F,$B19,'2026'!AS:AS)/PARAMETER!$T$3,"") | AU19: =IF(AU$4<=PARAMETER!$X$2,SUMIF('2026'!$F:$F,$B19,'2026'!AT:AT)/PARAMETER!$T$3,"") | AV19: =IF(AV$4<=PARAMETER!$X$2,SUMIF('2026'!$F:$F,$B19,'2026'!AU:AU)/PARAMETER!$T$3,"") | AW19: =IF(AW$4<=PARAMETER!$X$2,SUMIF('2026'!$F:$F,$B19,'2026'!AV:AV)/PARAMETER!$T$3,"") | AX19: =IF(AX$4<=PARAMETER!$X$2,SUMIF('2026'!$F:$F,$B19,'2026'!AW:AW)/PARAMETER!$T$3,"") | AY19: =IF(AY$4<=PARAMETER!$X$2,SUMIF('2026'!$F:$F,$B19,'2026'!AX:AX)/PARAMETER!$T$3,"") | AZ19: =IF(AZ$4<=PARAMETER!$X$2,SUMIF('2026'!$F:$F,$B19,'2026'!AY:AY)/PARAMETER!$T$3,"") | BA19: =IF(BA$4<=PARAMETER!$X$2,SUMIF('2026'!$F:$F,$B19,'2026'!AZ:AZ)/PARAMETER!$T$3,"") | BB19: =IF(BB$4<=PARAMETER!$X$2,SUMIF('2026'!$F:$F,$B19,'2026'!BA:BA)/PARAMETER!$T$3,"") | BC19: =IF(BC$4<=PARAMETER!$X$2,SUMIF('2026'!$F:$F,$B19,'2026'!BB:BB)/PARAMETER!$T$3,"") | BD19: =IF(BD$4<=PARAMETER!$X$2,SUMIF('2026'!$F:$F,$B19,'2026'!BC:BC)/PARAMETER!$T$3,"") | BE19: =IF(BE$4<=PARAMETER!$X$2,SUMIF('2026'!$F:$F,$B19,'2026'!BD:BD)/PARAMETER!$T$3,"") | BF19: =IF(BF$4<=PARAMETER!$X$2,SUMIF('2026'!$F:$F,$B19,'2026'!BE:BE)/PARAMETER!$T$3,"") | BG19: =IF(BG$4<=PARAMETER!$X$2,SUMIF('2026'!$F:$F,$B19,'2026'!BF:BF)/PARAMETER!$T$3,"") | BH19: =IF(BH$4<=PARAMETER!$X$2,SUMIF('2026'!$F:$F,$B19,'2026'!BG:BG)/PARAMETER!$T$3,"") | BI19: =IF(BI$4<=PARAMETER!$X$2,SUMIF('2026'!$F:$F,$B19,'2026'!BH:BH)/PARAMETER!$T$3,"") | BJ19: =IF(BJ$4<=PARAMETER!$X$2,SUMIF('2026'!$F:$F,$B19,'2026'!BI:BI)/PARAMETER!$T$3,"")
A20: =A19 -> 2 | B20: =CONCATENATE(C20,PARAMETER!T$2) -> DWIDAYAVOL | C20: =C19 -> DWIDAYA | D20: YoY (%) | E20: =IFERROR(I20/I21-1,"") | F20: =IFERROR(IF(E20>300%,300%,E20),"") -> 3 | G20: =G16 -> 2025 | H20: =IF(H$4<=PARAMETER!$X$2,SUMIF('2025'!$F:$F,$B20,'2025'!G:G)/PARAMETER!$T$3,"") -> 5284.1013 | I20: =IF(I$4<=PARAMETER!$X$2,SUMIF('2025'!$F:$F,$B20,'2025'!H:H)/PARAMETER!$T$3,"") -> 451.98549 | J20: =IF(J$4<=PARAMETER!$X$2,SUMIF('2025'!$F:$F,$B20,'2025'!I:I)/PARAMETER!$T$3,"") -> 9.885002 | K20: =IF(K$4<=PARAMETER!$X$2,SUMIF('2025'!$F:$F,$B20,'2025'!J:J)/PARAMETER!$T$3,"") -> 36.448001 | L20: =IF(L$4<=PARAMETER!$X$2,SUMIF('2025'!$F:$F,$B20,'2025'!K:K)/PARAMETER!$T$3,"") -> 11.922001 | M20: =IF(M$4<=PARAMETER!$X$2,SUMIF('2025'!$F:$F,$B20,'2025'!L:L)/PARAMETER!$T$3,"") -> 37.238001 | N20: =IF(N$4<=PARAMETER!$X$2,SUMIF('2025'!$F:$F,$B20,'2025'!M:M)/PARAMETER!$T$3,"") -> 68.670002 | O20: =IF(O$4<=PARAMETER!$X$2,SUMIF('2025'!$F:$F,$B20,'2025'!N:N)/PARAMETER!$T$3,"") -> 70.74 | P20: =IF(P$4<=PARAMETER!$X$2,SUMIF('2025'!$F:$F,$B20,'2025'!O:O)/PARAMETER!$T$3,"") -> 29.842 | Q20: =IF(Q$4<=PARAMETER!$X$2,SUMIF('2025'!$F:$F,$B20,'2025'!P:P)/PARAMETER!$T$3,"") -> 24.52 | R20: =IF(R$4<=PARAMETER!$X$2,SUMIF('2025'!$F:$F,$B20,'2025'!Q:Q)/PARAMETER!$T$3,"") -> 8.001236 | S20: =IF(S$4<=PARAMETER!$X$2,SUMIF('2025'!$F:$F,$B20,'2025'!R:R)/PARAMETER!$T$3,"") -> 81.005001 | T20: =IF(T$4<=PARAMETER!$X$2,SUMIF('2025'!$F:$F,$B20,'2025'!S:S)/PARAMETER!$T$3,"") -> 50.827 | U20: =IF(U$4<=PARAMETER!$X$2,SUMIF('2025'!$F:$F,$B20,'2025'!T:T)/PARAMETER!$T$3,"") -> 22.88725 | V20: =IF(V$4<=PARAMETER!$X$2,SUMIF('2025'!$F:$F,$B20,'2025'!U:U)/PARAMETER!$T$3,"") | W20: =IF(W$4<=PARAMETER!$X$2,SUMIF('2025'!$F:$F,$B20,'2025'!V:V)/PARAMETER!$T$3,"") | X20: =IF(X$4<=PARAMETER!$X$2,SUMIF('2025'!$F:$F,$B20,'2025'!W:W)/PARAMETER!$T$3,"") | Y20: =IF(Y$4<=PARAMETER!$X$2,SUMIF('2025'!$F:$F,$B20,'2025'!X:X)/PARAMETER!$T$3,"") | Z20: =IF(Z$4<=PARAMETER!$X$2,SUMIF('2025'!$F:$F,$B20,'2025'!Y:Y)/PARAMETER!$T$3,"") | AA20: =IF(AA$4<=PARAMETER!$X$2,SUMIF('2025'!$F:$F,$B20,'2025'!Z:Z)/PARAMETER!$T$3,"") | AB20: =IF(AB$4<=PARAMETER!$X$2,SUMIF('2025'!$F:$F,$B20,'2025'!AA:AA)/PARAMETER!$T$3,"") | AC20: =IF(AC$4<=PARAMETER!$X$2,SUMIF('2025'!$F:$F,$B20,'2025'!AB:AB)/PARAMETER!$T$3,"") | AD20: =IF(AD$4<=PARAMETER!$X$2,SUMIF('2025'!$F:$F,$B20,'2025'!AC:AC)/PARAMETER!$T$3,"") | AE20: =IF(AE$4<=PARAMETER!$X$2,SUMIF('2025'!$F:$F,$B20,'2025'!AD:AD)/PARAMETER!$T$3,"") | AF20: =IF(AF$4<=PARAMETER!$X$2,SUMIF('2025'!$F:$F,$B20,'2025'!AE:AE)/PARAMETER!$T$3,"") | AG20: =IF(AG$4<=PARAMETER!$X$2,SUMIF('2025'!$F:$F,$B20,'2025'!AF:AF)/PARAMETER!$T$3,"") | AH20: =IF(AH$4<=PARAMETER!$X$2,SUMIF('2025'!$F:$F,$B20,'2025'!AG:AG)/PARAMETER!$T$3,"") | AI20: =IF(AI$4<=PARAMETER!$X$2,SUMIF('2025'!$F:$F,$B20,'2025'!AH:AH)/PARAMETER!$T$3,"") | AJ20: =IF(AJ$4<=PARAMETER!$X$2,SUMIF('2025'!$F:$F,$B20,'2025'!AI:AI)/PARAMETER!$T$3,"") | AK20: =IF(AK$4<=PARAMETER!$X$2,SUMIF('2025'!$F:$F,$B20,'2025'!AJ:AJ)/PARAMETER!$T$3,"") | AL20: =IF(AL$4<=PARAMETER!$X$2,SUMIF('2025'!$F:$F,$B20,'2025'!AK:AK)/PARAMETER!$T$3,"") | AM20: =IF(AM$4<=PARAMETER!$X$2,SUMIF('2025'!$F:$F,$B20,'2025'!AL:AL)/PARAMETER!$T$3,"") | AN20: =IF(AN$4<=PARAMETER!$X$2,SUMIF('2025'!$F:$F,$B20,'2025'!AM:AM)/PARAMETER!$T$3,"") | AO20: =IF(AO$4<=PARAMETER!$X$2,SUMIF('2025'!$F:$F,$B20,'2025'!AN:AN)/PARAMETER!$T$3,"") | AP20: =IF(AP$4<=PARAMETER!$X$2,SUMIF('2025'!$F:$F,$B20,'2025'!AO:AO)/PARAMETER!$T$3,"") | AQ20: =IF(AQ$4<=PARAMETER!$X$2,SUMIF('2025'!$F:$F,$B20,'2025'!AP:AP)/PARAMETER!$T$3,"") | AR20: =IF(AR$4<=PARAMETER!$X$2,SUMIF('2025'!$F:$F,$B20,'2025'!AQ:AQ)/PARAMETER!$T$3,"") | AS20: =IF(AS$4<=PARAMETER!$X$2,SUMIF('2025'!$F:$F,$B20,'2025'!AR:AR)/PARAMETER!$T$3,"") | AT20: =IF(AT$4<=PARAMETER!$X$2,SUMIF('2025'!$F:$F,$B20,'2025'!AS:AS)/PARAMETER!$T$3,"") | AU20: =IF(AU$4<=PARAMETER!$X$2,SUMIF('2025'!$F:$F,$B20,'2025'!AT:AT)/PARAMETER!$T$3,"") | AV20: =IF(AV$4<=PARAMETER!$X$2,SUMIF('2025'!$F:$F,$B20,'2025'!AU:AU)/PARAMETER!$T$3,"") | AW20: =IF(AW$4<=PARAMETER!$X$2,SUMIF('2025'!$F:$F,$B20,'2025'!AV:AV)/PARAMETER!$T$3,"") | AX20: =IF(AX$4<=PARAMETER!$X$2,SUMIF('2025'!$F:$F,$B20,'2025'!AW:AW)/PARAMETER!$T$3,"") | AY20: =IF(AY$4<=PARAMETER!$X$2,SUMIF('2025'!$F:$F,$B20,'2025'!AX:AX)/PARAMETER!$T$3,"") | AZ20: =IF(AZ$4<=PARAMETER!$X$2,SUMIF('2025'!$F:$F,$B20,'2025'!AY:AY)/PARAMETER!$T$3,"") | BA20: =IF(BA$4<=PARAMETER!$X$2,SUMIF('2025'!$F:$F,$B20,'2025'!AZ:AZ)/PARAMETER!$T$3,"") | BB20: =IF(BB$4<=PARAMETER!$X$2,SUMIF('2025'!$F:$F,$B20,'2025'!BA:BA)/PARAMETER!$T$3,"") | BC20: =IF(BC$4<=PARAMETER!$X$2,SUMIF('2025'!$F:$F,$B20,'2025'!BB:BB)/PARAMETER!$T$3,"") | BD20: =IF(BD$4<=PARAMETER!$X$2,SUMIF('2025'!$F:$F,$B20,'2025'!BC:BC)/PARAMETER!$T$3,"") | BE20: =IF(BE$4<=PARAMETER!$X$2,SUMIF('2025'!$F:$F,$B20,'2025'!BD:BD)/PARAMETER!$T$3,"") | BF20: =IF(BF$4<=PARAMETER!$X$2,SUMIF('2025'!$F:$F,$B20,'2025'!BE:BE)/PARAMETER!$T$3,"") | BG20: =IF(BG$4<=PARAMETER!$X$2,SUMIF('2025'!$F:$F,$B20,'2025'!BF:BF)/PARAMETER!$T$3,"") | BH20: =IF(BH$4<=PARAMETER!$X$2,SUMIF('2025'!$F:$F,$B20,'2025'!BG:BG)/PARAMETER!$T$3,"") | BI20: =IF(BI$4<=PARAMETER!$X$2,SUMIF('2025'!$F:$F,$B20,'2025'!BH:BH)/PARAMETER!$T$3,"") | BJ20: =IF(BJ$4<=PARAMETER!$X$2,SUMIF('2025'!$F:$F,$B20,'2025'!BI:BI)/PARAMETER!$T$3,"")
A21: =A19 -> 2 | B21: =CONCATENATE(C21,PARAMETER!T$2) -> DWIDAYAVOL | C21: =C20 -> DWIDAYA | G21: =G17 -> 2024 | H21: =IF(H$4<=PARAMETER!$X$2,SUMIF('2024'!$F:$F,$B21,'2024'!G:G)/PARAMETER!$T$3,"") -> 119.98825 | I21: =IF(I$4<=PARAMETER!$X$2,SUMIF('2024'!$F:$F,$B21,'2024'!H:H)/PARAMETER!$T$3,"") -> 0 | J21: =IF(J$4<=PARAMETER!$X$2,SUMIF('2024'!$F:$F,$B21,'2024'!I:I)/PARAMETER!$T$3,"") -> 0 | K21: =IF(K$4<=PARAMETER!$X$2,SUMIF('2024'!$F:$F,$B21,'2024'!J:J)/PARAMETER!$T$3,"") -> 0 | L21: =IF(L$4<=PARAMETER!$X$2,SUMIF('2024'!$F:$F,$B21,'2024'!K:K)/PARAMETER!$T$3,"") -> 0 | M21: =IF(M$4<=PARAMETER!$X$2,SUMIF('2024'!$F:$F,$B21,'2024'!L:L)/PARAMETER!$T$3,"") -> 0 | N21: =IF(N$4<=PARAMETER!$X$2,SUMIF('2024'!$F:$F,$B21,'2024'!M:M)/PARAMETER!$T$3,"") -> 0 | O21: =IF(O$4<=PARAMETER!$X$2,SUMIF('2024'!$F:$F,$B21,'2024'!N:N)/PARAMETER!$T$3,"") -> 0 | P21: =IF(P$4<=PARAMETER!$X$2,SUMIF('2024'!$F:$F,$B21,'2024'!O:O)/PARAMETER!$T$3,"") -> 0 | Q21: =IF(Q$4<=PARAMETER!$X$2,SUMIF('2024'!$F:$F,$B21,'2024'!P:P)/PARAMETER!$T$3,"") -> 0 | R21: =IF(R$4<=PARAMETER!$X$2,SUMIF('2024'!$F:$F,$B21,'2024'!Q:Q)/PARAMETER!$T$3,"") -> 0 | S21: =IF(S$4<=PARAMETER!$X$2,SUMIF('2024'!$F:$F,$B21,'2024'!R:R)/PARAMETER!$T$3,"") -> 0 | T21: =IF(T$4<=PARAMETER!$X$2,SUMIF('2024'!$F:$F,$B21,'2024'!S:S)/PARAMETER!$T$3,"") -> 0 | U21: =IF(U$4<=PARAMETER!$X$2,SUMIF('2024'!$F:$F,$B21,'2024'!T:T)/PARAMETER!$T$3,"") -> 0 | V21: =IF(V$4<=PARAMETER!$X$2,SUMIF('2024'!$F:$F,$B21,'2024'!U:U)/PARAMETER!$T$3,"") | W21: =IF(W$4<=PARAMETER!$X$2,SUMIF('2024'!$F:$F,$B21,'2024'!V:V)/PARAMETER!$T$3,"") | X21: =IF(X$4<=PARAMETER!$X$2,SUMIF('2024'!$F:$F,$B21,'2024'!W:W)/PARAMETER!$T$3,"") | Y21: =IF(Y$4<=PARAMETER!$X$2,SUMIF('2024'!$F:$F,$B21,'2024'!X:X)/PARAMETER!$T$3,"") | Z21: =IF(Z$4<=PARAMETER!$X$2,SUMIF('2024'!$F:$F,$B21,'2024'!Y:Y)/PARAMETER!$T$3,"") | AA21: =IF(AA$4<=PARAMETER!$X$2,SUMIF('2024'!$F:$F,$B21,'2024'!Z:Z)/PARAMETER!$T$3,"") | AB21: =IF(AB$4<=PARAMETER!$X$2,SUMIF('2024'!$F:$F,$B21,'2024'!AA:AA)/PARAMETER!$T$3,"") | AC21: =IF(AC$4<=PARAMETER!$X$2,SUMIF('2024'!$F:$F,$B21,'2024'!AB:AB)/PARAMETER!$T$3,"") | AD21: =IF(AD$4<=PARAMETER!$X$2,SUMIF('2024'!$F:$F,$B21,'2024'!AC:AC)/PARAMETER!$T$3,"") | AE21: =IF(AE$4<=PARAMETER!$X$2,SUMIF('2024'!$F:$F,$B21,'2024'!AD:AD)/PARAMETER!$T$3,"") | AF21: =IF(AF$4<=PARAMETER!$X$2,SUMIF('2024'!$F:$F,$B21,'2024'!AE:AE)/PARAMETER!$T$3,"") | AG21: =IF(AG$4<=PARAMETER!$X$2,SUMIF('2024'!$F:$F,$B21,'2024'!AF:AF)/PARAMETER!$T$3,"") | AH21: =IF(AH$4<=PARAMETER!$X$2,SUMIF('2024'!$F:$F,$B21,'2024'!AG:AG)/PARAMETER!$T$3,"") | AI21: =IF(AI$4<=PARAMETER!$X$2,SUMIF('2024'!$F:$F,$B21,'2024'!AH:AH)/PARAMETER!$T$3,"") | AJ21: =IF(AJ$4<=PARAMETER!$X$2,SUMIF('2024'!$F:$F,$B21,'2024'!AI:AI)/PARAMETER!$T$3,"") | AK21: =IF(AK$4<=PARAMETER!$X$2,SUMIF('2024'!$F:$F,$B21,'2024'!AJ:AJ)/PARAMETER!$T$3,"") | AL21: =IF(AL$4<=PARAMETER!$X$2,SUMIF('2024'!$F:$F,$B21,'2024'!AK:AK)/PARAMETER!$T$3,"") | AM21: =IF(AM$4<=PARAMETER!$X$2,SUMIF('2024'!$F:$F,$B21,'2024'!AL:AL)/PARAMETER!$T$3,"") | AN21: =IF(AN$4<=PARAMETER!$X$2,SUMIF('2024'!$F:$F,$B21,'2024'!AM:AM)/PARAMETER!$T$3,"") | AO21: =IF(AO$4<=PARAMETER!$X$2,SUMIF('2024'!$F:$F,$B21,'2024'!AN:AN)/PARAMETER!$T$3,"") | AP21: =IF(AP$4<=PARAMETER!$X$2,SUMIF('2024'!$F:$F,$B21,'2024'!AO:AO)/PARAMETER!$T$3,"") | AQ21: =IF(AQ$4<=PARAMETER!$X$2,SUMIF('2024'!$F:$F,$B21,'2024'!AP:AP)/PARAMETER!$T$3,"") | AR21: =IF(AR$4<=PARAMETER!$X$2,SUMIF('2024'!$F:$F,$B21,'2024'!AQ:AQ)/PARAMETER!$T$3,"") | AS21: =IF(AS$4<=PARAMETER!$X$2,SUMIF('2024'!$F:$F,$B21,'2024'!AR:AR)/PARAMETER!$T$3,"") | AT21: =IF(AT$4<=PARAMETER!$X$2,SUMIF('2024'!$F:$F,$B21,'2024'!AS:AS)/PARAMETER!$T$3,"") | AU21: =IF(AU$4<=PARAMETER!$X$2,SUMIF('2024'!$F:$F,$B21,'2024'!AT:AT)/PARAMETER!$T$3,"") | AV21: =IF(AV$4<=PARAMETER!$X$2,SUMIF('2024'!$F:$F,$B21,'2024'!AU:AU)/PARAMETER!$T$3,"") | AW21: =IF(AW$4<=PARAMETER!$X$2,SUMIF('2024'!$F:$F,$B21,'2024'!AV:AV)/PARAMETER!$T$3,"") | AX21: =IF(AX$4<=PARAMETER!$X$2,SUMIF('2024'!$F:$F,$B21,'2024'!AW:AW)/PARAMETER!$T$3,"") | AY21: =IF(AY$4<=PARAMETER!$X$2,SUMIF('2024'!$F:$F,$B21,'2024'!AX:AX)/PARAMETER!$T$3,"") | AZ21: =IF(AZ$4<=PARAMETER!$X$2,SUMIF('2024'!$F:$F,$B21,'2024'!AY:AY)/PARAMETER!$T$3,"") | BA21: =IF(BA$4<=PARAMETER!$X$2,SUMIF('2024'!$F:$F,$B21,'2024'!AZ:AZ)/PARAMETER!$T$3,"") | BB21: =IF(BB$4<=PARAMETER!$X$2,SUMIF('2024'!$F:$F,$B21,'2024'!BA:BA)/PARAMETER!$T$3,"") | BC21: =IF(BC$4<=PARAMETER!$X$2,SUMIF('2024'!$F:$F,$B21,'2024'!BB:BB)/PARAMETER!$T$3,"") | BD21: =IF(BD$4<=PARAMETER!$X$2,SUMIF('2024'!$F:$F,$B21,'2024'!BC:BC)/PARAMETER!$T$3,"") | BE21: =IF(BE$4<=PARAMETER!$X$2,SUMIF('2024'!$F:$F,$B21,'2024'!BD:BD)/PARAMETER!$T$3,"") | BF21: =IF(BF$4<=PARAMETER!$X$2,SUMIF('2024'!$F:$F,$B21,'2024'!BE:BE)/PARAMETER!$T$3,"") | BG21: =IF(BG$4<=PARAMETER!$X$2,SUMIF('2024'!$F:$F,$B21,'2024'!BF:BF)/PARAMETER!$T$3,"") | BH21: =IF(BH$4<=PARAMETER!$X$2,SUMIF('2024'!$F:$F,$B21,'2024'!BG:BG)/PARAMETER!$T$3,"") | BI21: =IF(BI$4<=PARAMETER!$X$2,SUMIF('2024'!$F:$F,$B21,'2024'!BH:BH)/PARAMETER!$T$3,"") | BJ21: =IF(BJ$4<=PARAMETER!$X$2,SUMIF('2024'!$F:$F,$B21,'2024'!BI:BI)/PARAMETER!$T$3,"")
A22: 3 | B22: =CONCATENATE(C22,PARAMETER!T$2) -> GRAMEDIAVOL | C22: =IFERROR(VLOOKUP(A22,PARAMETER!K$2:M30,3,0),"") -> GRAMEDIA | D22: Ach (%) | E22: =IFERROR(I23/I22,"") -> 291.26188 | F22: =IFERROR(IF(E22>300%,300%,E22),"") -> 3 | G22: =G18 -> Target | H22: =IF(H$4<=PARAMETER!$X$2,SUMIF('2026 T'!$F:$F,$B22,'2026 T'!G:G)/PARAMETER!$T$3,"") -> 110 | I22: =IF(I$4<=PARAMETER!$X$2,SUMIF('2026 T'!$F:$F,$B22,'2026 T'!H:H)/PARAMETER!$T$3,"") -> 18.679245 | J22: =IF(J$4<=PARAMETER!$X$2,SUMIF('2026 T'!$F:$F,$B22,'2026 T'!I:I)/PARAMETER!$T$3,"") -> 2.0754717 | K22: =IF(K$4<=PARAMETER!$X$2,SUMIF('2026 T'!$F:$F,$B22,'2026 T'!J:J)/PARAMETER!$T$3,"") -> 2.0754717 | L22: =IF(L$4<=PARAMETER!$X$2,SUMIF('2026 T'!$F:$F,$B22,'2026 T'!K:K)/PARAMETER!$T$3,"") -> 2.0754717 | M22: =IF(M$4<=PARAMETER!$X$2,SUMIF('2026 T'!$F:$F,$B22,'2026 T'!L:L)/PARAMETER!$T$3,"") -> 2.0754717 | N22: =IF(N$4<=PARAMETER!$X$2,SUMIF('2026 T'!$F:$F,$B22,'2026 T'!M:M)/PARAMETER!$T$3,"") -> 2.0754717 | O22: =IF(O$4<=PARAMETER!$X$2,SUMIF('2026 T'!$F:$F,$B22,'2026 T'!N:N)/PARAMETER!$T$3,"") -> 2.0754717 | P22: =IF(P$4<=PARAMETER!$X$2,SUMIF('2026 T'!$F:$F,$B22,'2026 T'!O:O)/PARAMETER!$T$3,"") -> 2.0754717 | Q22: =IF(Q$4<=PARAMETER!$X$2,SUMIF('2026 T'!$F:$F,$B22,'2026 T'!P:P)/PARAMETER!$T$3,"") -> 2.0754717 | R22: =IF(R$4<=PARAMETER!$X$2,SUMIF('2026 T'!$F:$F,$B22,'2026 T'!Q:Q)/PARAMETER!$T$3,"") -> 2.0754717 | S22: =IF(S$4<=PARAMETER!$X$2,SUMIF('2026 T'!$F:$F,$B22,'2026 T'!R:R)/PARAMETER!$T$3,"") -> 2.0754717 | T22: =IF(T$4<=PARAMETER!$X$2,SUMIF('2026 T'!$F:$F,$B22,'2026 T'!S:S)/PARAMETER!$T$3,"") -> 2.0754717 | U22: =IF(U$4<=PARAMETER!$X$2,SUMIF('2026 T'!$F:$F,$B22,'2026 T'!T:T)/PARAMETER!$T$3,"") -> 2.0754717 | V22: =IF(V$4<=PARAMETER!$X$2,SUMIF('2026 T'!$F:$F,$B22,'2026 T'!U:U)/PARAMETER!$T$3,"") | W22: =IF(W$4<=PARAMETER!$X$2,SUMIF('2026 T'!$F:$F,$B22,'2026 T'!V:V)/PARAMETER!$T$3,"") | X22: =IF(X$4<=PARAMETER!$X$2,SUMIF('2026 T'!$F:$F,$B22,'2026 T'!W:W)/PARAMETER!$T$3,"") | Y22: =IF(Y$4<=PARAMETER!$X$2,SUMIF('2026 T'!$F:$F,$B22,'2026 T'!X:X)/PARAMETER!$T$3,"") | Z22: =IF(Z$4<=PARAMETER!$X$2,SUMIF('2026 T'!$F:$F,$B22,'2026 T'!Y:Y)/PARAMETER!$T$3,"") | AA22: =IF(AA$4<=PARAMETER!$X$2,SUMIF('2026 T'!$F:$F,$B22,'2026 T'!Z:Z)/PARAMETER!$T$3,"") | AB22: =IF(AB$4<=PARAMETER!$X$2,SUMIF('2026 T'!$F:$F,$B22,'2026 T'!AA:AA)/PARAMETER!$T$3,"") | AC22: =IF(AC$4<=PARAMETER!$X$2,SUMIF('2026 T'!$F:$F,$B22,'2026 T'!AB:AB)/PARAMETER!$T$3,"") | AD22: =IF(AD$4<=PARAMETER!$X$2,SUMIF('2026 T'!$F:$F,$B22,'2026 T'!AC:AC)/PARAMETER!$T$3,"") | AE22: =IF(AE$4<=PARAMETER!$X$2,SUMIF('2026 T'!$F:$F,$B22,'2026 T'!AD:AD)/PARAMETER!$T$3,"") | AF22: =IF(AF$4<=PARAMETER!$X$2,SUMIF('2026 T'!$F:$F,$B22,'2026 T'!AE:AE)/PARAMETER!$T$3,"") | AG22: =IF(AG$4<=PARAMETER!$X$2,SUMIF('2026 T'!$F:$F,$B22,'2026 T'!AF:AF)/PARAMETER!$T$3,"") | AH22: =IF(AH$4<=PARAMETER!$X$2,SUMIF('2026 T'!$F:$F,$B22,'2026 T'!AG:AG)/PARAMETER!$T$3,"") | AI22: =IF(AI$4<=PARAMETER!$X$2,SUMIF('2026 T'!$F:$F,$B22,'2026 T'!AH:AH)/PARAMETER!$T$3,"") | AJ22: =IF(AJ$4<=PARAMETER!$X$2,SUMIF('2026 T'!$F:$F,$B22,'2026 T'!AI:AI)/PARAMETER!$T$3,"") | AK22: =IF(AK$4<=PARAMETER!$X$2,SUMIF('2026 T'!$F:$F,$B22,'2026 T'!AJ:AJ)/PARAMETER!$T$3,"") | AL22: =IF(AL$4<=PARAMETER!$X$2,SUMIF('2026 T'!$F:$F,$B22,'2026 T'!AK:AK)/PARAMETER!$T$3,"") | AM22: =IF(AM$4<=PARAMETER!$X$2,SUMIF('2026 T'!$F:$F,$B22,'2026 T'!AL:AL)/PARAMETER!$T$3,"") | AN22: =IF(AN$4<=PARAMETER!$X$2,SUMIF('2026 T'!$F:$F,$B22,'2026 T'!AM:AM)/PARAMETER!$T$3,"") | AO22: =IF(AO$4<=PARAMETER!$X$2,SUMIF('2026 T'!$F:$F,$B22,'2026 T'!AN:AN)/PARAMETER!$T$3,"") | AP22: =IF(AP$4<=PARAMETER!$X$2,SUMIF('2026 T'!$F:$F,$B22,'2026 T'!AO:AO)/PARAMETER!$T$3,"") | AQ22: =IF(AQ$4<=PARAMETER!$X$2,SUMIF('2026 T'!$F:$F,$B22,'2026 T'!AP:AP)/PARAMETER!$T$3,"") | AR22: =IF(AR$4<=PARAMETER!$X$2,SUMIF('2026 T'!$F:$F,$B22,'2026 T'!AQ:AQ)/PARAMETER!$T$3,"") | AS22: =IF(AS$4<=PARAMETER!$X$2,SUMIF('2026 T'!$F:$F,$B22,'2026 T'!AR:AR)/PARAMETER!$T$3,"") | AT22: =IF(AT$4<=PARAMETER!$X$2,SUMIF('2026 T'!$F:$F,$B22,'2026 T'!AS:AS)/PARAMETER!$T$3,"") | AU22: =IF(AU$4<=PARAMETER!$X$2,SUMIF('2026 T'!$F:$F,$B22,'2026 T'!AT:AT)/PARAMETER!$T$3,"") | AV22: =IF(AV$4<=PARAMETER!$X$2,SUMIF('2026 T'!$F:$F,$B22,'2026 T'!AU:AU)/PARAMETER!$T$3,"") | AW22: =IF(AW$4<=PARAMETER!$X$2,SUMIF('2026 T'!$F:$F,$B22,'2026 T'!AV:AV)/PARAMETER!$T$3,"") | AX22: =IF(AX$4<=PARAMETER!$X$2,SUMIF('2026 T'!$F:$F,$B22,'2026 T'!AW:AW)/PARAMETER!$T$3,"") | AY22: =IF(AY$4<=PARAMETER!$X$2,SUMIF('2026 T'!$F:$F,$B22,'2026 T'!AX:AX)/PARAMETER!$T$3,"") | AZ22: =IF(AZ$4<=PARAMETER!$X$2,SUMIF('2026 T'!$F:$F,$B22,'2026 T'!AY:AY)/PARAMETER!$T$3,"") | BA22: =IF(BA$4<=PARAMETER!$X$2,SUMIF('2026 T'!$F:$F,$B22,'2026 T'!AZ:AZ)/PARAMETER!$T$3,"") | BB22: =IF(BB$4<=PARAMETER!$X$2,SUMIF('2026 T'!$F:$F,$B22,'2026 T'!BA:BA)/PARAMETER!$T$3,"") | BC22: =IF(BC$4<=PARAMETER!$X$2,SUMIF('2026 T'!$F:$F,$B22,'2026 T'!BB:BB)/PARAMETER!$T$3,"") | BD22: =IF(BD$4<=PARAMETER!$X$2,SUMIF('2026 T'!$F:$F,$B22,'2026 T'!BC:BC)/PARAMETER!$T$3,"") | BE22: =IF(BE$4<=PARAMETER!$X$2,SUMIF('2026 T'!$F:$F,$B22,'2026 T'!BD:BD)/PARAMETER!$T$3,"") | BF22: =IF(BF$4<=PARAMETER!$X$2,SUMIF('2026 T'!$F:$F,$B22,'2026 T'!BE:BE)/PARAMETER!$T$3,"") | BG22: =IF(BG$4<=PARAMETER!$X$2,SUMIF('2026 T'!$F:$F,$B22,'2026 T'!BF:BF)/PARAMETER!$T$3,"") | BH22: =IF(BH$4<=PARAMETER!$X$2,SUMIF('2026 T'!$F:$F,$B22,'2026 T'!BG:BG)/PARAMETER!$T$3,"") | BI22: =IF(BI$4<=PARAMETER!$X$2,SUMIF('2026 T'!$F:$F,$B22,'2026 T'!BH:BH)/PARAMETER!$T$3,"") | BJ22: =IF(BJ$4<=PARAMETER!$X$2,SUMIF('2026 T'!$F:$F,$B22,'2026 T'!BI:BI)/PARAMETER!$T$3,"")
A23: =A22 -> 3 | B23: =CONCATENATE(C23,PARAMETER!T$2) -> GRAMEDIAVOL | C23: =C22 -> GRAMEDIA | D23: YoY (%) | E23: =IFERROR(I23/I24-1,"") -> 529.05641 | F23: =IFERROR(IF(E23>300%,300%,E23),"") -> 3 | G23: =G19 -> 2026 | H23: =IF(H$4<=PARAMETER!$X$2,SUMIF('2026'!$F:$F,$B23,'2026'!G:G)/PARAMETER!$T$3,"") -> 9616.0029 | I23: =IF(I$4<=PARAMETER!$X$2,SUMIF('2026'!$F:$F,$B23,'2026'!H:H)/PARAMETER!$T$3,"") -> 5440.552 | J23: =IF(J$4<=PARAMETER!$X$2,SUMIF('2026'!$F:$F,$B23,'2026'!I:I)/PARAMETER!$T$3,"") -> 467.26523 | K23: =IF(K$4<=PARAMETER!$X$2,SUMIF('2026'!$F:$F,$B23,'2026'!J:J)/PARAMETER!$T$3,"") -> 387.19617 | L23: =IF(L$4<=PARAMETER!$X$2,SUMIF('2026'!$F:$F,$B23,'2026'!K:K)/PARAMETER!$T$3,"") -> 398.58689 | M23: =IF(M$4<=PARAMETER!$X$2,SUMIF('2026'!$F:$F,$B23,'2026'!L:L)/PARAMETER!$T$3,"") -> 447.88338 | N23: =IF(N$4<=PARAMETER!$X$2,SUMIF('2026'!$F:$F,$B23,'2026'!M:M)/PARAMETER!$T$3,"") -> 501.59708 | O23: =IF(O$4<=PARAMETER!$X$2,SUMIF('2026'!$F:$F,$B23,'2026'!N:N)/PARAMETER!$T$3,"") -> 488.763 | P23: =IF(P$4<=PARAMETER!$X$2,SUMIF('2026'!$F:$F,$B23,'2026'!O:O)/PARAMETER!$T$3,"") -> 508.23222 | Q23: =IF(Q$4<=PARAMETER!$X$2,SUMIF('2026'!$F:$F,$B23,'2026'!P:P)/PARAMETER!$T$3,"") -> 424.75369 | R23: =IF(R$4<=PARAMETER!$X$2,SUMIF('2026'!$F:$F,$B23,'2026'!Q:Q)/PARAMETER!$T$3,"") -> 476.76162 | S23: =IF(S$4<=PARAMETER!$X$2,SUMIF('2026'!$F:$F,$B23,'2026'!R:R)/PARAMETER!$T$3,"") -> 507.14004 | T23: =IF(T$4<=PARAMETER!$X$2,SUMIF('2026'!$F:$F,$B23,'2026'!S:S)/PARAMETER!$T$3,"") -> 408.43684 | U23: =IF(U$4<=PARAMETER!$X$2,SUMIF('2026'!$F:$F,$B23,'2026'!T:T)/PARAMETER!$T$3,"") -> 423.93587 | V23: =IF(V$4<=PARAMETER!$X$2,SUMIF('2026'!$F:$F,$B23,'2026'!U:U)/PARAMETER!$T$3,"") | W23: =IF(W$4<=PARAMETER!$X$2,SUMIF('2026'!$F:$F,$B23,'2026'!V:V)/PARAMETER!$T$3,"") | X23: =IF(X$4<=PARAMETER!$X$2,SUMIF('2026'!$F:$F,$B23,'2026'!W:W)/PARAMETER!$T$3,"") | Y23: =IF(Y$4<=PARAMETER!$X$2,SUMIF('2026'!$F:$F,$B23,'2026'!X:X)/PARAMETER!$T$3,"") | Z23: =IF(Z$4<=PARAMETER!$X$2,SUMIF('2026'!$F:$F,$B23,'2026'!Y:Y)/PARAMETER!$T$3,"") | AA23: =IF(AA$4<=PARAMETER!$X$2,SUMIF('2026'!$F:$F,$B23,'2026'!Z:Z)/PARAMETER!$T$3,"") | AB23: =IF(AB$4<=PARAMETER!$X$2,SUMIF('2026'!$F:$F,$B23,'2026'!AA:AA)/PARAMETER!$T$3,"") | AC23: =IF(AC$4<=PARAMETER!$X$2,SUMIF('2026'!$F:$F,$B23,'2026'!AB:AB)/PARAMETER!$T$3,"") | AD23: =IF(AD$4<=PARAMETER!$X$2,SUMIF('2026'!$F:$F,$B23,'2026'!AC:AC)/PARAMETER!$T$3,"") | AE23: =IF(AE$4<=PARAMETER!$X$2,SUMIF('2026'!$F:$F,$B23,'2026'!AD:AD)/PARAMETER!$T$3,"") | AF23: =IF(AF$4<=PARAMETER!$X$2,SUMIF('2026'!$F:$F,$B23,'2026'!AE:AE)/PARAMETER!$T$3,"") | AG23: =IF(AG$4<=PARAMETER!$X$2,SUMIF('2026'!$F:$F,$B23,'2026'!AF:AF)/PARAMETER!$T$3,"") | AH23: =IF(AH$4<=PARAMETER!$X$2,SUMIF('2026'!$F:$F,$B23,'2026'!AG:AG)/PARAMETER!$T$3,"") | AI23: =IF(AI$4<=PARAMETER!$X$2,SUMIF('2026'!$F:$F,$B23,'2026'!AH:AH)/PARAMETER!$T$3,"") | AJ23: =IF(AJ$4<=PARAMETER!$X$2,SUMIF('2026'!$F:$F,$B23,'2026'!AI:AI)/PARAMETER!$T$3,"") | AK23: =IF(AK$4<=PARAMETER!$X$2,SUMIF('2026'!$F:$F,$B23,'2026'!AJ:AJ)/PARAMETER!$T$3,"") | AL23: =IF(AL$4<=PARAMETER!$X$2,SUMIF('2026'!$F:$F,$B23,'2026'!AK:AK)/PARAMETER!$T$3,"") | AM23: =IF(AM$4<=PARAMETER!$X$2,SUMIF('2026'!$F:$F,$B23,'2026'!AL:AL)/PARAMETER!$T$3,"") | AN23: =IF(AN$4<=PARAMETER!$X$2,SUMIF('2026'!$F:$F,$B23,'2026'!AM:AM)/PARAMETER!$T$3,"") | AO23: =IF(AO$4<=PARAMETER!$X$2,SUMIF('2026'!$F:$F,$B23,'2026'!AN:AN)/PARAMETER!$T$3,"") | AP23: =IF(AP$4<=PARAMETER!$X$2,SUMIF('2026'!$F:$F,$B23,'2026'!AO:AO)/PARAMETER!$T$3,"") | AQ23: =IF(AQ$4<=PARAMETER!$X$2,SUMIF('2026'!$F:$F,$B23,'2026'!AP:AP)/PARAMETER!$T$3,"") | AR23: =IF(AR$4<=PARAMETER!$X$2,SUMIF('2026'!$F:$F,$B23,'2026'!AQ:AQ)/PARAMETER!$T$3,"") | AS23: =IF(AS$4<=PARAMETER!$X$2,SUMIF('2026'!$F:$F,$B23,'2026'!AR:AR)/PARAMETER!$T$3,"") | AT23: =IF(AT$4<=PARAMETER!$X$2,SUMIF('2026'!$F:$F,$B23,'2026'!AS:AS)/PARAMETER!$T$3,"") | AU23: =IF(AU$4<=PARAMETER!$X$2,SUMIF('2026'!$F:$F,$B23,'2026'!AT:AT)/PARAMETER!$T$3,"") | AV23: =IF(AV$4<=PARAMETER!$X$2,SUMIF('2026'!$F:$F,$B23,'2026'!AU:AU)/PARAMETER!$T$3,"") | AW23: =IF(AW$4<=PARAMETER!$X$2,SUMIF('2026'!$F:$F,$B23,'2026'!AV:AV)/PARAMETER!$T$3,"") | AX23: =IF(AX$4<=PARAMETER!$X$2,SUMIF('2026'!$F:$F,$B23,'2026'!AW:AW)/PARAMETER!$T$3,"") | AY23: =IF(AY$4<=PARAMETER!$X$2,SUMIF('2026'!$F:$F,$B23,'2026'!AX:AX)/PARAMETER!$T$3,"") | AZ23: =IF(AZ$4<=PARAMETER!$X$2,SUMIF('2026'!$F:$F,$B23,'2026'!AY:AY)/PARAMETER!$T$3,"") | BA23: =IF(BA$4<=PARAMETER!$X$2,SUMIF('2026'!$F:$F,$B23,'2026'!AZ:AZ)/PARAMETER!$T$3,"") | BB23: =IF(BB$4<=PARAMETER!$X$2,SUMIF('2026'!$F:$F,$B23,'2026'!BA:BA)/PARAMETER!$T$3,"") | BC23: =IF(BC$4<=PARAMETER!$X$2,SUMIF('2026'!$F:$F,$B23,'2026'!BB:BB)/PARAMETER!$T$3,"") | BD23: =IF(BD$4<=PARAMETER!$X$2,SUMIF('2026'!$F:$F,$B23,'2026'!BC:BC)/PARAMETER!$T$3,"") | BE23: =IF(BE$4<=PARAMETER!$X$2,SUMIF('2026'!$F:$F,$B23,'2026'!BD:BD)/PARAMETER!$T$3,"") | BF23: =IF(BF$4<=PARAMETER!$X$2,SUMIF('2026'!$F:$F,$B23,'2026'!BE:BE)/PARAMETER!$T$3,"") | BG23: =IF(BG$4<=PARAMETER!$X$2,SUMIF('2026'!$F:$F,$B23,'2026'!BF:BF)/PARAMETER!$T$3,"") | BH23: =IF(BH$4<=PARAMETER!$X$2,SUMIF('2026'!$F:$F,$B23,'2026'!BG:BG)/PARAMETER!$T$3,"") | BI23: =IF(BI$4<=PARAMETER!$X$2,SUMIF('2026'!$F:$F,$B23,'2026'!BH:BH)/PARAMETER!$T$3,"") | BJ23: =IF(BJ$4<=PARAMETER!$X$2,SUMIF('2026'!$F:$F,$B23,'2026'!BI:BI)/PARAMETER!$T$3,"")
A24: =A23 -> 3 | B24: =CONCATENATE(C24,PARAMETER!T$2) -> GRAMEDIAVOL | C24: =C23 -> GRAMEDIA | D24: YoY (%) | E24: =IFERROR(I24/I25-1,"") -> -0.99610636 | F24: =IFERROR(IF(E24>300%,300%,E24),"") -> -0.99610636 | G24: =G20 -> 2025 | H24: =IF(H$4<=PARAMETER!$X$2,SUMIF('2025'!$F:$F,$B24,'2025'!G:G)/PARAMETER!$T$3,"") -> 108.65157 | I24: =IF(I$4<=PARAMETER!$X$2,SUMIF('2025'!$F:$F,$B24,'2025'!H:H)/PARAMETER!$T$3,"") -> 10.2641 | J24: =IF(J$4<=PARAMETER!$X$2,SUMIF('2025'!$F:$F,$B24,'2025'!I:I)/PARAMETER!$T$3,"") -> 0.294 | K24: =IF(K$4<=PARAMETER!$X$2,SUMIF('2025'!$F:$F,$B24,'2025'!J:J)/PARAMETER!$T$3,"") -> 0 | L24: =IF(L$4<=PARAMETER!$X$2,SUMIF('2025'!$F:$F,$B24,'2025'!K:K)/PARAMETER!$T$3,"") -> 0.5901 | M24: =IF(M$4<=PARAMETER!$X$2,SUMIF('2025'!$F:$F,$B24,'2025'!L:L)/PARAMETER!$T$3,"") -> 2.5123 | N24: =IF(N$4<=PARAMETER!$X$2,SUMIF('2025'!$F:$F,$B24,'2025'!M:M)/PARAMETER!$T$3,"") -> 0.155 | O24: =IF(O$4<=PARAMETER!$X$2,SUMIF('2025'!$F:$F,$B24,'2025'!N:N)/PARAMETER!$T$3,"") -> 1.3254 | P24: =IF(P$4<=PARAMETER!$X$2,SUMIF('2025'!$F:$F,$B24,'2025'!O:O)/PARAMETER!$T$3,"") -> 0.098 | Q24: =IF(Q$4<=PARAMETER!$X$2,SUMIF('2025'!$F:$F,$B24,'2025'!P:P)/PARAMETER!$T$3,"") -> 0.5584 | R24: =IF(R$4<=PARAMETER!$X$2,SUMIF('2025'!$F:$F,$B24,'2025'!Q:Q)/PARAMETER!$T$3,"") -> 0.34 | S24: =IF(S$4<=PARAMETER!$X$2,SUMIF('2025'!$F:$F,$B24,'2025'!R:R)/PARAMETER!$T$3,"") -> 1.9556 | T24: =IF(T$4<=PARAMETER!$X$2,SUMIF('2025'!$F:$F,$B24,'2025'!S:S)/PARAMETER!$T$3,"") -> 0.6929 | U24: =IF(U$4<=PARAMETER!$X$2,SUMIF('2025'!$F:$F,$B24,'2025'!T:T)/PARAMETER!$T$3,"") -> 1.7424 | V24: =IF(V$4<=PARAMETER!$X$2,SUMIF('2025'!$F:$F,$B24,'2025'!U:U)/PARAMETER!$T$3,"") | W24: =IF(W$4<=PARAMETER!$X$2,SUMIF('2025'!$F:$F,$B24,'2025'!V:V)/PARAMETER!$T$3,"") | X24: =IF(X$4<=PARAMETER!$X$2,SUMIF('2025'!$F:$F,$B24,'2025'!W:W)/PARAMETER!$T$3,"") | Y24: =IF(Y$4<=PARAMETER!$X$2,SUMIF('2025'!$F:$F,$B24,'2025'!X:X)/PARAMETER!$T$3,"") | Z24: =IF(Z$4<=PARAMETER!$X$2,SUMIF('2025'!$F:$F,$B24,'2025'!Y:Y)/PARAMETER!$T$3,"") | AA24: =IF(AA$4<=PARAMETER!$X$2,SUMIF('2025'!$F:$F,$B24,'2025'!Z:Z)/PARAMETER!$T$3,"") | AB24: =IF(AB$4<=PARAMETER!$X$2,SUMIF('2025'!$F:$F,$B24,'2025'!AA:AA)/PARAMETER!$T$3,"") | AC24: =IF(AC$4<=PARAMETER!$X$2,SUMIF('2025'!$F:$F,$B24,'2025'!AB:AB)/PARAMETER!$T$3,"") | AD24: =IF(AD$4<=PARAMETER!$X$2,SUMIF('2025'!$F:$F,$B24,'2025'!AC:AC)/PARAMETER!$T$3,"") | AE24: =IF(AE$4<=PARAMETER!$X$2,SUMIF('2025'!$F:$F,$B24,'2025'!AD:AD)/PARAMETER!$T$3,"") | AF24: =IF(AF$4<=PARAMETER!$X$2,SUMIF('2025'!$F:$F,$B24,'2025'!AE:AE)/PARAMETER!$T$3,"") | AG24: =IF(AG$4<=PARAMETER!$X$2,SUMIF('2025'!$F:$F,$B24,'2025'!AF:AF)/PARAMETER!$T$3,"") | AH24: =IF(AH$4<=PARAMETER!$X$2,SUMIF('2025'!$F:$F,$B24,'2025'!AG:AG)/PARAMETER!$T$3,"") | AI24: =IF(AI$4<=PARAMETER!$X$2,SUMIF('2025'!$F:$F,$B24,'2025'!AH:AH)/PARAMETER!$T$3,"") | AJ24: =IF(AJ$4<=PARAMETER!$X$2,SUMIF('2025'!$F:$F,$B24,'2025'!AI:AI)/PARAMETER!$T$3,"") | AK24: =IF(AK$4<=PARAMETER!$X$2,SUMIF('2025'!$F:$F,$B24,'2025'!AJ:AJ)/PARAMETER!$T$3,"") | AL24: =IF(AL$4<=PARAMETER!$X$2,SUMIF('2025'!$F:$F,$B24,'2025'!AK:AK)/PARAMETER!$T$3,"") | AM24: =IF(AM$4<=PARAMETER!$X$2,SUMIF('2025'!$F:$F,$B24,'2025'!AL:AL)/PARAMETER!$T$3,"") | AN24: =IF(AN$4<=PARAMETER!$X$2,SUMIF('2025'!$F:$F,$B24,'2025'!AM:AM)/PARAMETER!$T$3,"") | AO24: =IF(AO$4<=PARAMETER!$X$2,SUMIF('2025'!$F:$F,$B24,'2025'!AN:AN)/PARAMETER!$T$3,"") | AP24: =IF(AP$4<=PARAMETER!$X$2,SUMIF('2025'!$F:$F,$B24,'2025'!AO:AO)/PARAMETER!$T$3,"") | AQ24: =IF(AQ$4<=PARAMETER!$X$2,SUMIF('2025'!$F:$F,$B24,'2025'!AP:AP)/PARAMETER!$T$3,"") | AR24: =IF(AR$4<=PARAMETER!$X$2,SUMIF('2025'!$F:$F,$B24,'2025'!AQ:AQ)/PARAMETER!$T$3,"") | AS24: =IF(AS$4<=PARAMETER!$X$2,SUMIF('2025'!$F:$F,$B24,'2025'!AR:AR)/PARAMETER!$T$3,"") | AT24: =IF(AT$4<=PARAMETER!$X$2,SUMIF('2025'!$F:$F,$B24,'2025'!AS:AS)/PARAMETER!$T$3,"") | AU24: =IF(AU$4<=PARAMETER!$X$2,SUMIF('2025'!$F:$F,$B24,'2025'!AT:AT)/PARAMETER!$T$3,"") | AV24: =IF(AV$4<=PARAMETER!$X$2,SUMIF('2025'!$F:$F,$B24,'2025'!AU:AU)/PARAMETER!$T$3,"") | AW24: =IF(AW$4<=PARAMETER!$X$2,SUMIF('2025'!$F:$F,$B24,'2025'!AV:AV)/PARAMETER!$T$3,"") | AX24: =IF(AX$4<=PARAMETER!$X$2,SUMIF('2025'!$F:$F,$B24,'2025'!AW:AW)/PARAMETER!$T$3,"") | AY24: =IF(AY$4<=PARAMETER!$X$2,SUMIF('2025'!$F:$F,$B24,'2025'!AX:AX)/PARAMETER!$T$3,"") | AZ24: =IF(AZ$4<=PARAMETER!$X$2,SUMIF('2025'!$F:$F,$B24,'2025'!AY:AY)/PARAMETER!$T$3,"") | BA24: =IF(BA$4<=PARAMETER!$X$2,SUMIF('2025'!$F:$F,$B24,'2025'!AZ:AZ)/PARAMETER!$T$3,"") | BB24: =IF(BB$4<=PARAMETER!$X$2,SUMIF('2025'!$F:$F,$B24,'2025'!BA:BA)/PARAMETER!$T$3,"") | BC24: =IF(BC$4<=PARAMETER!$X$2,SUMIF('2025'!$F:$F,$B24,'2025'!BB:BB)/PARAMETER!$T$3,"") | BD24: =IF(BD$4<=PARAMETER!$X$2,SUMIF('2025'!$F:$F,$B24,'2025'!BC:BC)/PARAMETER!$T$3,"") | BE24: =IF(BE$4<=PARAMETER!$X$2,SUMIF('2025'!$F:$F,$B24,'2025'!BD:BD)/PARAMETER!$T$3,"") | BF24: =IF(BF$4<=PARAMETER!$X$2,SUMIF('2025'!$F:$F,$B24,'2025'!BE:BE)/PARAMETER!$T$3,"") | BG24: =IF(BG$4<=PARAMETER!$X$2,SUMIF('2025'!$F:$F,$B24,'2025'!BF:BF)/PARAMETER!$T$3,"") | BH24: =IF(BH$4<=PARAMETER!$X$2,SUMIF('2025'!$F:$F,$B24,'2025'!BG:BG)/PARAMETER!$T$3,"") | BI24: =IF(BI$4<=PARAMETER!$X$2,SUMIF('2025'!$F:$F,$B24,'2025'!BH:BH)/PARAMETER!$T$3,"") | BJ24: =IF(BJ$4<=PARAMETER!$X$2,SUMIF('2025'!$F:$F,$B24,'2025'!BI:BI)/PARAMETER!$T$3,"")
A25: =A23 -> 3 | B25: =CONCATENATE(C25,PARAMETER!T$2) -> GRAMEDIAVOL | C25: =C24 -> GRAMEDIA | G25: =G21 -> 2024 | H25: =IF(H$4<=PARAMETER!$X$2,SUMIF('2024'!$F:$F,$B25,'2024'!G:G)/PARAMETER!$T$3,"") -> 7791.2648 | I25: =IF(I$4<=PARAMETER!$X$2,SUMIF('2024'!$F:$F,$B25,'2024'!H:H)/PARAMETER!$T$3,"") -> 2636.1164 | J25: =IF(J$4<=PARAMETER!$X$2,SUMIF('2024'!$F:$F,$B25,'2024'!I:I)/PARAMETER!$T$3,"") -> 2.1439 | K25: =IF(K$4<=PARAMETER!$X$2,SUMIF('2024'!$F:$F,$B25,'2024'!J:J)/PARAMETER!$T$3,"") -> 0.8655 | L25: =IF(L$4<=PARAMETER!$X$2,SUMIF('2024'!$F:$F,$B25,'2024'!K:K)/PARAMETER!$T$3,"") -> 0.1078 | M25: =IF(M$4<=PARAMETER!$X$2,SUMIF('2024'!$F:$F,$B25,'2024'!L:L)/PARAMETER!$T$3,"") -> 1.6722 | N25: =IF(N$4<=PARAMETER!$X$2,SUMIF('2024'!$F:$F,$B25,'2024'!M:M)/PARAMETER!$T$3,"") -> 0.7869 | O25: =IF(O$4<=PARAMETER!$X$2,SUMIF('2024'!$F:$F,$B25,'2024'!N:N)/PARAMETER!$T$3,"") -> 1.634875 | P25: =IF(P$4<=PARAMETER!$X$2,SUMIF('2024'!$F:$F,$B25,'2024'!O:O)/PARAMETER!$T$3,"") -> 5.41985 | Q25: =IF(Q$4<=PARAMETER!$X$2,SUMIF('2024'!$F:$F,$B25,'2024'!P:P)/PARAMETER!$T$3,"") -> 395.80516 | R25: =IF(R$4<=PARAMETER!$X$2,SUMIF('2024'!$F:$F,$B25,'2024'!Q:Q)/PARAMETER!$T$3,"") -> 2201.8328 | S25: =IF(S$4<=PARAMETER!$X$2,SUMIF('2024'!$F:$F,$B25,'2024'!R:R)/PARAMETER!$T$3,"") -> 1.26962 | T25: =IF(T$4<=PARAMETER!$X$2,SUMIF('2024'!$F:$F,$B25,'2024'!S:S)/PARAMETER!$T$3,"") -> 1.05985 | U25: =IF(U$4<=PARAMETER!$X$2,SUMIF('2024'!$F:$F,$B25,'2024'!T:T)/PARAMETER!$T$3,"") -> 23.51795 | V25: =IF(V$4<=PARAMETER!$X$2,SUMIF('2024'!$F:$F,$B25,'2024'!U:U)/PARAMETER!$T$3,"") | W25: =IF(W$4<=PARAMETER!$X$2,SUMIF('2024'!$F:$F,$B25,'2024'!V:V)/PARAMETER!$T$3,"") | X25: =IF(X$4<=PARAMETER!$X$2,SUMIF('2024'!$F:$F,$B25,'2024'!W:W)/PARAMETER!$T$3,"") | Y25: =IF(Y$4<=PARAMETER!$X$2,SUMIF('2024'!$F:$F,$B25,'2024'!X:X)/PARAMETER!$T$3,"") | Z25: =IF(Z$4<=PARAMETER!$X$2,SUMIF('2024'!$F:$F,$B25,'2024'!Y:Y)/PARAMETER!$T$3,"") | AA25: =IF(AA$4<=PARAMETER!$X$2,SUMIF('2024'!$F:$F,$B25,'2024'!Z:Z)/PARAMETER!$T$3,"") | AB25: =IF(AB$4<=PARAMETER!$X$2,SUMIF('2024'!$F:$F,$B25,'2024'!AA:AA)/PARAMETER!$T$3,"") | AC25: =IF(AC$4<=PARAMETER!$X$2,SUMIF('2024'!$F:$F,$B25,'2024'!AB:AB)/PARAMETER!$T$3,"") | AD25: =IF(AD$4<=PARAMETER!$X$2,SUMIF('2024'!$F:$F,$B25,'2024'!AC:AC)/PARAMETER!$T$3,"") | AE25: =IF(AE$4<=PARAMETER!$X$2,SUMIF('2024'!$F:$F,$B25,'2024'!AD:AD)/PARAMETER!$T$3,"") | AF25: =IF(AF$4<=PARAMETER!$X$2,SUMIF('2024'!$F:$F,$B25,'2024'!AE:AE)/PARAMETER!$T$3,"") | AG25: =IF(AG$4<=PARAMETER!$X$2,SUMIF('2024'!$F:$F,$B25,'2024'!AF:AF)/PARAMETER!$T$3,"") | AH25: =IF(AH$4<=PARAMETER!$X$2,SUMIF('2024'!$F:$F,$B25,'2024'!AG:AG)/PARAMETER!$T$3,"") | AI25: =IF(AI$4<=PARAMETER!$X$2,SUMIF('2024'!$F:$F,$B25,'2024'!AH:AH)/PARAMETER!$T$3,"") | AJ25: =IF(AJ$4<=PARAMETER!$X$2,SUMIF('2024'!$F:$F,$B25,'2024'!AI:AI)/PARAMETER!$T$3,"") | AK25: =IF(AK$4<=PARAMETER!$X$2,SUMIF('2024'!$F:$F,$B25,'2024'!AJ:AJ)/PARAMETER!$T$3,"") | AL25: =IF(AL$4<=PARAMETER!$X$2,SUMIF('2024'!$F:$F,$B25,'2024'!AK:AK)/PARAMETER!$T$3,"") | AM25: =IF(AM$4<=PARAMETER!$X$2,SUMIF('2024'!$F:$F,$B25,'2024'!AL:AL)/PARAMETER!$T$3,"") | AN25: =IF(AN$4<=PARAMETER!$X$2,SUMIF('2024'!$F:$F,$B25,'2024'!AM:AM)/PARAMETER!$T$3,"") | AO25: =IF(AO$4<=PARAMETER!$X$2,SUMIF('2024'!$F:$F,$B25,'2024'!AN:AN)/PARAMETER!$T$3,"") | AP25: =IF(AP$4<=PARAMETER!$X$2,SUMIF('2024'!$F:$F,$B25,'2024'!AO:AO)/PARAMETER!$T$3,"") | AQ25: =IF(AQ$4<=PARAMETER!$X$2,SUMIF('2024'!$F:$F,$B25,'2024'!AP:AP)/PARAMETER!$T$3,"") | AR25: =IF(AR$4<=PARAMETER!$X$2,SUMIF('2024'!$F:$F,$B25,'2024'!AQ:AQ)/PARAMETER!$T$3,"") | AS25: =IF(AS$4<=PARAMETER!$X$2,SUMIF('2024'!$F:$F,$B25,'2024'!AR:AR)/PARAMETER!$T$3,"") | AT25: =IF(AT$4<=PARAMETER!$X$2,SUMIF('2024'!$F:$F,$B25,'2024'!AS:AS)/PARAMETER!$T$3,"") | AU25: =IF(AU$4<=PARAMETER!$X$2,SUMIF('2024'!$F:$F,$B25,'2024'!AT:AT)/PARAMETER!$T$3,"") | AV25: =IF(AV$4<=PARAMETER!$X$2,SUMIF('2024'!$F:$F,$B25,'2024'!AU:AU)/PARAMETER!$T$3,"") | AW25: =IF(AW$4<=PARAMETER!$X$2,SUMIF('2024'!$F:$F,$B25,'2024'!AV:AV)/PARAMETER!$T$3,"") | AX25: =IF(AX$4<=PARAMETER!$X$2,SUMIF('2024'!$F:$F,$B25,'2024'!AW:AW)/PARAMETER!$T$3,"") | AY25: =IF(AY$4<=PARAMETER!$X$2,SUMIF('2024'!$F:$F,$B25,'2024'!AX:AX)/PARAMETER!$T$3,"") | AZ25: =IF(AZ$4<=PARAMETER!$X$2,SUMIF('2024'!$F:$F,$B25,'2024'!AY:AY)/PARAMETER!$T$3,"") | BA25: =IF(BA$4<=PARAMETER!$X$2,SUMIF('2024'!$F:$F,$B25,'2024'!AZ:AZ)/PARAMETER!$T$3,"") | BB25: =IF(BB$4<=PARAMETER!$X$2,SUMIF('2024'!$F:$F,$B25,'2024'!BA:BA)/PARAMETER!$T$3,"") | BC25: =IF(BC$4<=PARAMETER!$X$2,SUMIF('2024'!$F:$F,$B25,'2024'!BB:BB)/PARAMETER!$T$3,"") | BD25: =IF(BD$4<=PARAMETER!$X$2,SUMIF('2024'!$F:$F,$B25,'2024'!BC:BC)/PARAMETER!$T$3,"") | BE25: =IF(BE$4<=PARAMETER!$X$2,SUMIF('2024'!$F:$F,$B25,'2024'!BD:BD)/PARAMETER!$T$3,"") | BF25: =IF(BF$4<=PARAMETER!$X$2,SUMIF('2024'!$F:$F,$B25,'2024'!BE:BE)/PARAMETER!$T$3,"") | BG25: =IF(BG$4<=PARAMETER!$X$2,SUMIF('2024'!$F:$F,$B25,'2024'!BF:BF)/PARAMETER!$T$3,"") | BH25: =IF(BH$4<=PARAMETER!$X$2,SUMIF('2024'!$F:$F,$B25,'2024'!BG:BG)/PARAMETER!$T$3,"") | BI25: =IF(BI$4<=PARAMETER!$X$2,SUMIF('2024'!$F:$F,$B25,'2024'!BH:BH)/PARAMETER!$T$3,"") | BJ25: =IF(BJ$4<=PARAMETER!$X$2,SUMIF('2024'!$F:$F,$B25,'2024'!BI:BI)/PARAMETER!$T$3,"")
A26: 4 | B26: =CONCATENATE(C26,PARAMETER!T$2) -> KCICVOL | C26: =IFERROR(VLOOKUP(A26,PARAMETER!K$2:M34,3,0),"") -> KCIC | D26: Ach (%) | E26: =IFERROR(I27/I26,"") -> 2.0492275 | F26: =IFERROR(IF(E26>300%,300%,E26),"") -> 2.0492275 | G26: =G22 -> Target | H26: =IF(H$4<=PARAMETER!$X$2,SUMIF('2026 T'!$F:$F,$B26,'2026 T'!G:G)/PARAMETER!$T$3,"") -> 35500 | I26: =IF(I$4<=PARAMETER!$X$2,SUMIF('2026 T'!$F:$F,$B26,'2026 T'!H:H)/PARAMETER!$T$3,"") -> 5067.4706 | J26: =IF(J$4<=PARAMETER!$X$2,SUMIF('2026 T'!$F:$F,$B26,'2026 T'!I:I)/PARAMETER!$T$3,"") -> 441.5494 | K26: =IF(K$4<=PARAMETER!$X$2,SUMIF('2026 T'!$F:$F,$B26,'2026 T'!J:J)/PARAMETER!$T$3,"") -> 449.50645 | L26: =IF(L$4<=PARAMETER!$X$2,SUMIF('2026 T'!$F:$F,$B26,'2026 T'!K:K)/PARAMETER!$T$3,"") -> 620.51616 | M26: =IF(M$4<=PARAMETER!$X$2,SUMIF('2026 T'!$F:$F,$B26,'2026 T'!L:L)/PARAMETER!$T$3,"") -> 581.0318 | N26: =IF(N$4<=PARAMETER!$X$2,SUMIF('2026 T'!$F:$F,$B26,'2026 T'!M:M)/PARAMETER!$T$3,"") -> 596.11008 | O26: =IF(O$4<=PARAMETER!$X$2,SUMIF('2026 T'!$F:$F,$B26,'2026 T'!N:N)/PARAMETER!$T$3,"") -> 728.93932 | P26: =IF(P$4<=PARAMETER!$X$2,SUMIF('2026 T'!$F:$F,$B26,'2026 T'!O:O)/PARAMETER!$T$3,"") -> 704.49981 | Q26: =IF(Q$4<=PARAMETER!$X$2,SUMIF('2026 T'!$F:$F,$B26,'2026 T'!P:P)/PARAMETER!$T$3,"") -> 571.5034 | R26: =IF(R$4<=PARAMETER!$X$2,SUMIF('2026 T'!$F:$F,$B26,'2026 T'!Q:Q)/PARAMETER!$T$3,"") -> 373.81418 | S26: =IF(S$4<=PARAMETER!$X$2,SUMIF('2026 T'!$F:$F,$B26,'2026 T'!R:R)/PARAMETER!$T$3,"") -> 396.51517 | T26: =IF(T$4<=PARAMETER!$X$2,SUMIF('2026 T'!$F:$F,$B26,'2026 T'!S:S)/PARAMETER!$T$3,"") -> 394.14143 | U26: =IF(U$4<=PARAMETER!$X$2,SUMIF('2026 T'!$F:$F,$B26,'2026 T'!T:T)/PARAMETER!$T$3,"") -> 306.71418 | V26: =IF(V$4<=PARAMETER!$X$2,SUMIF('2026 T'!$F:$F,$B26,'2026 T'!U:U)/PARAMETER!$T$3,"") | W26: =IF(W$4<=PARAMETER!$X$2,SUMIF('2026 T'!$F:$F,$B26,'2026 T'!V:V)/PARAMETER!$T$3,"") | X26: =IF(X$4<=PARAMETER!$X$2,SUMIF('2026 T'!$F:$F,$B26,'2026 T'!W:W)/PARAMETER!$T$3,"") | Y26: =IF(Y$4<=PARAMETER!$X$2,SUMIF('2026 T'!$F:$F,$B26,'2026 T'!X:X)/PARAMETER!$T$3,"") | Z26: =IF(Z$4<=PARAMETER!$X$2,SUMIF('2026 T'!$F:$F,$B26,'2026 T'!Y:Y)/PARAMETER!$T$3,"") | AA26: =IF(AA$4<=PARAMETER!$X$2,SUMIF('2026 T'!$F:$F,$B26,'2026 T'!Z:Z)/PARAMETER!$T$3,"") | AB26: =IF(AB$4<=PARAMETER!$X$2,SUMIF('2026 T'!$F:$F,$B26,'2026 T'!AA:AA)/PARAMETER!$T$3,"") | AC26: =IF(AC$4<=PARAMETER!$X$2,SUMIF('2026 T'!$F:$F,$B26,'2026 T'!AB:AB)/PARAMETER!$T$3,"") | AD26: =IF(AD$4<=PARAMETER!$X$2,SUMIF('2026 T'!$F:$F,$B26,'2026 T'!AC:AC)/PARAMETER!$T$3,"") | AE26: =IF(AE$4<=PARAMETER!$X$2,SUMIF('2026 T'!$F:$F,$B26,'2026 T'!AD:AD)/PARAMETER!$T$3,"") | AF26: =IF(AF$4<=PARAMETER!$X$2,SUMIF('2026 T'!$F:$F,$B26,'2026 T'!AE:AE)/PARAMETER!$T$3,"") | AG26: =IF(AG$4<=PARAMETER!$X$2,SUMIF('2026 T'!$F:$F,$B26,'2026 T'!AF:AF)/PARAMETER!$T$3,"") | AH26: =IF(AH$4<=PARAMETER!$X$2,SUMIF('2026 T'!$F:$F,$B26,'2026 T'!AG:AG)/PARAMETER!$T$3,"") | AI26: =IF(AI$4<=PARAMETER!$X$2,SUMIF('2026 T'!$F:$F,$B26,'2026 T'!AH:AH)/PARAMETER!$T$3,"") | AJ26: =IF(AJ$4<=PARAMETER!$X$2,SUMIF('2026 T'!$F:$F,$B26,'2026 T'!AI:AI)/PARAMETER!$T$3,"") | AK26: =IF(AK$4<=PARAMETER!$X$2,SUMIF('2026 T'!$F:$F,$B26,'2026 T'!AJ:AJ)/PARAMETER!$T$3,"") | AL26: =IF(AL$4<=PARAMETER!$X$2,SUMIF('2026 T'!$F:$F,$B26,'2026 T'!AK:AK)/PARAMETER!$T$3,"") | AM26: =IF(AM$4<=PARAMETER!$X$2,SUMIF('2026 T'!$F:$F,$B26,'2026 T'!AL:AL)/PARAMETER!$T$3,"") | AN26: =IF(AN$4<=PARAMETER!$X$2,SUMIF('2026 T'!$F:$F,$B26,'2026 T'!AM:AM)/PARAMETER!$T$3,"") | AO26: =IF(AO$4<=PARAMETER!$X$2,SUMIF('2026 T'!$F:$F,$B26,'2026 T'!AN:AN)/PARAMETER!$T$3,"") | AP26: =IF(AP$4<=PARAMETER!$X$2,SUMIF('2026 T'!$F:$F,$B26,'2026 T'!AO:AO)/PARAMETER!$T$3,"") | AQ26: =IF(AQ$4<=PARAMETER!$X$2,SUMIF('2026 T'!$F:$F,$B26,'2026 T'!AP:AP)/PARAMETER!$T$3,"") | AR26: =IF(AR$4<=PARAMETER!$X$2,SUMIF('2026 T'!$F:$F,$B26,'2026 T'!AQ:AQ)/PARAMETER!$T$3,"") | AS26: =IF(AS$4<=PARAMETER!$X$2,SUMIF('2026 T'!$F:$F,$B26,'2026 T'!AR:AR)/PARAMETER!$T$3,"") | AT26: =IF(AT$4<=PARAMETER!$X$2,SUMIF('2026 T'!$F:$F,$B26,'2026 T'!AS:AS)/PARAMETER!$T$3,"") | AU26: =IF(AU$4<=PARAMETER!$X$2,SUMIF('2026 T'!$F:$F,$B26,'2026 T'!AT:AT)/PARAMETER!$T$3,"") | AV26: =IF(AV$4<=PARAMETER!$X$2,SUMIF('2026 T'!$F:$F,$B26,'2026 T'!AU:AU)/PARAMETER!$T$3,"") | AW26: =IF(AW$4<=PARAMETER!$X$2,SUMIF('2026 T'!$F:$F,$B26,'2026 T'!AV:AV)/PARAMETER!$T$3,"") | AX26: =IF(AX$4<=PARAMETER!$X$2,SUMIF('2026 T'!$F:$F,$B26,'2026 T'!AW:AW)/PARAMETER!$T$3,"") | AY26: =IF(AY$4<=PARAMETER!$X$2,SUMIF('2026 T'!$F:$F,$B26,'2026 T'!AX:AX)/PARAMETER!$T$3,"") | AZ26: =IF(AZ$4<=PARAMETER!$X$2,SUMIF('2026 T'!$F:$F,$B26,'2026 T'!AY:AY)/PARAMETER!$T$3,"") | BA26: =IF(BA$4<=PARAMETER!$X$2,SUMIF('2026 T'!$F:$F,$B26,'2026 T'!AZ:AZ)/PARAMETER!$T$3,"") | BB26: =IF(BB$4<=PARAMETER!$X$2,SUMIF('2026 T'!$F:$F,$B26,'2026 T'!BA:BA)/PARAMETER!$T$3,"") | BC26: =IF(BC$4<=PARAMETER!$X$2,SUMIF('2026 T'!$F:$F,$B26,'2026 T'!BB:BB)/PARAMETER!$T$3,"") | BD26: =IF(BD$4<=PARAMETER!$X$2,SUMIF('2026 T'!$F:$F,$B26,'2026 T'!BC:BC)/PARAMETER!$T$3,"") | BE26: =IF(BE$4<=PARAMETER!$X$2,SUMIF('2026 T'!$F:$F,$B26,'2026 T'!BD:BD)/PARAMETER!$T$3,"") | BF26: =IF(BF$4<=PARAMETER!$X$2,SUMIF('2026 T'!$F:$F,$B26,'2026 T'!BE:BE)/PARAMETER!$T$3,"") | BG26: =IF(BG$4<=PARAMETER!$X$2,SUMIF('2026 T'!$F:$F,$B26,'2026 T'!BF:BF)/PARAMETER!$T$3,"") | BH26: =IF(BH$4<=PARAMETER!$X$2,SUMIF('2026 T'!$F:$F,$B26,'2026 T'!BG:BG)/PARAMETER!$T$3,"") | BI26: =IF(BI$4<=PARAMETER!$X$2,SUMIF('2026 T'!$F:$F,$B26,'2026 T'!BH:BH)/PARAMETER!$T$3,"") | BJ26: =IF(BJ$4<=PARAMETER!$X$2,SUMIF('2026 T'!$F:$F,$B26,'2026 T'!BI:BI)/PARAMETER!$T$3,"")
A27: =A26 -> 4 | B27: =CONCATENATE(C27,PARAMETER!T$2) -> KCICVOL | C27: =C26 -> KCIC | D27: YoY (%) | E27: =IFERROR(I27/I28-1,"") -> 1.2526546 | F27: =IFERROR(IF(E27>300%,300%,E27),"") -> 1.2526546 | G27: =G23 -> 2026 | H27: =IF(H$4<=PARAMETER!$X$2,SUMIF('2026'!$F:$F,$B27,'2026'!G:G)/PARAMETER!$T$3,"") -> 10884.943 | I27: =IF(I$4<=PARAMETER!$X$2,SUMIF('2026'!$F:$F,$B27,'2026'!H:H)/PARAMETER!$T$3,"") -> 10384.4 | J27: =IF(J$4<=PARAMETER!$X$2,SUMIF('2026'!$F:$F,$B27,'2026'!I:I)/PARAMETER!$T$3,"") -> 0 | K27: =IF(K$4<=PARAMETER!$X$2,SUMIF('2026'!$F:$F,$B27,'2026'!J:J)/PARAMETER!$T$3,"") -> 0 | L27: =IF(L$4<=PARAMETER!$X$2,SUMIF('2026'!$F:$F,$B27,'2026'!K:K)/PARAMETER!$T$3,"") -> 0 | M27: =IF(M$4<=PARAMETER!$X$2,SUMIF('2026'!$F:$F,$B27,'2026'!L:L)/PARAMETER!$T$3,"") -> 0 | N27: =IF(N$4<=PARAMETER!$X$2,SUMIF('2026'!$F:$F,$B27,'2026'!M:M)/PARAMETER!$T$3,"") -> 0 | O27: =IF(O$4<=PARAMETER!$X$2,SUMIF('2026'!$F:$F,$B27,'2026'!N:N)/PARAMETER!$T$3,"") -> 0 | P27: =IF(P$4<=PARAMETER!$X$2,SUMIF('2026'!$F:$F,$B27,'2026'!O:O)/PARAMETER!$T$3,"") -> 0 | Q27: =IF(Q$4<=PARAMETER!$X$2,SUMIF('2026'!$F:$F,$B27,'2026'!P:P)/PARAMETER!$T$3,"") -> 0 | R27: =IF(R$4<=PARAMETER!$X$2,SUMIF('2026'!$F:$F,$B27,'2026'!Q:Q)/PARAMETER!$T$3,"") -> 3691.2 | S27: =IF(S$4<=PARAMETER!$X$2,SUMIF('2026'!$F:$F,$B27,'2026'!R:R)/PARAMETER!$T$3,"") -> 3502.1 | T27: =IF(T$4<=PARAMETER!$X$2,SUMIF('2026'!$F:$F,$B27,'2026'!S:S)/PARAMETER!$T$3,"") -> 3191.1 | U27: =IF(U$4<=PARAMETER!$X$2,SUMIF('2026'!$F:$F,$B27,'2026'!T:T)/PARAMETER!$T$3,"") -> 0 | V27: =IF(V$4<=PARAMETER!$X$2,SUMIF('2026'!$F:$F,$B27,'2026'!U:U)/PARAMETER!$T$3,"") | W27: =IF(W$4<=PARAMETER!$X$2,SUMIF('2026'!$F:$F,$B27,'2026'!V:V)/PARAMETER!$T$3,"") | X27: =IF(X$4<=PARAMETER!$X$2,SUMIF('2026'!$F:$F,$B27,'2026'!W:W)/PARAMETER!$T$3,"") | Y27: =IF(Y$4<=PARAMETER!$X$2,SUMIF('2026'!$F:$F,$B27,'2026'!X:X)/PARAMETER!$T$3,"") | Z27: =IF(Z$4<=PARAMETER!$X$2,SUMIF('2026'!$F:$F,$B27,'2026'!Y:Y)/PARAMETER!$T$3,"") | AA27: =IF(AA$4<=PARAMETER!$X$2,SUMIF('2026'!$F:$F,$B27,'2026'!Z:Z)/PARAMETER!$T$3,"") | AB27: =IF(AB$4<=PARAMETER!$X$2,SUMIF('2026'!$F:$F,$B27,'2026'!AA:AA)/PARAMETER!$T$3,"") | AC27: =IF(AC$4<=PARAMETER!$X$2,SUMIF('2026'!$F:$F,$B27,'2026'!AB:AB)/PARAMETER!$T$3,"") | AD27: =IF(AD$4<=PARAMETER!$X$2,SUMIF('2026'!$F:$F,$B27,'2026'!AC:AC)/PARAMETER!$T$3,"") | AE27: =IF(AE$4<=PARAMETER!$X$2,SUMIF('2026'!$F:$F,$B27,'2026'!AD:AD)/PARAMETER!$T$3,"") | AF27: =IF(AF$4<=PARAMETER!$X$2,SUMIF('2026'!$F:$F,$B27,'2026'!AE:AE)/PARAMETER!$T$3,"") | AG27: =IF(AG$4<=PARAMETER!$X$2,SUMIF('2026'!$F:$F,$B27,'2026'!AF:AF)/PARAMETER!$T$3,"") | AH27: =IF(AH$4<=PARAMETER!$X$2,SUMIF('2026'!$F:$F,$B27,'2026'!AG:AG)/PARAMETER!$T$3,"") | AI27: =IF(AI$4<=PARAMETER!$X$2,SUMIF('2026'!$F:$F,$B27,'2026'!AH:AH)/PARAMETER!$T$3,"") | AJ27: =IF(AJ$4<=PARAMETER!$X$2,SUMIF('2026'!$F:$F,$B27,'2026'!AI:AI)/PARAMETER!$T$3,"") | AK27: =IF(AK$4<=PARAMETER!$X$2,SUMIF('2026'!$F:$F,$B27,'2026'!AJ:AJ)/PARAMETER!$T$3,"") | AL27: =IF(AL$4<=PARAMETER!$X$2,SUMIF('2026'!$F:$F,$B27,'2026'!AK:AK)/PARAMETER!$T$3,"") | AM27: =IF(AM$4<=PARAMETER!$X$2,SUMIF('2026'!$F:$F,$B27,'2026'!AL:AL)/PARAMETER!$T$3,"") | AN27: =IF(AN$4<=PARAMETER!$X$2,SUMIF('2026'!$F:$F,$B27,'2026'!AM:AM)/PARAMETER!$T$3,"") | AO27: =IF(AO$4<=PARAMETER!$X$2,SUMIF('2026'!$F:$F,$B27,'2026'!AN:AN)/PARAMETER!$T$3,"") | AP27: =IF(AP$4<=PARAMETER!$X$2,SUMIF('2026'!$F:$F,$B27,'2026'!AO:AO)/PARAMETER!$T$3,"") | AQ27: =IF(AQ$4<=PARAMETER!$X$2,SUMIF('2026'!$F:$F,$B27,'2026'!AP:AP)/PARAMETER!$T$3,"") | AR27: =IF(AR$4<=PARAMETER!$X$2,SUMIF('2026'!$F:$F,$B27,'2026'!AQ:AQ)/PARAMETER!$T$3,"") | AS27: =IF(AS$4<=PARAMETER!$X$2,SUMIF('2026'!$F:$F,$B27,'2026'!AR:AR)/PARAMETER!$T$3,"") | AT27: =IF(AT$4<=PARAMETER!$X$2,SUMIF('2026'!$F:$F,$B27,'2026'!AS:AS)/PARAMETER!$T$3,"") | AU27: =IF(AU$4<=PARAMETER!$X$2,SUMIF('2026'!$F:$F,$B27,'2026'!AT:AT)/PARAMETER!$T$3,"") | AV27: =IF(AV$4<=PARAMETER!$X$2,SUMIF('2026'!$F:$F,$B27,'2026'!AU:AU)/PARAMETER!$T$3,"") | AW27: =IF(AW$4<=PARAMETER!$X$2,SUMIF('2026'!$F:$F,$B27,'2026'!AV:AV)/PARAMETER!$T$3,"") | AX27: =IF(AX$4<=PARAMETER!$X$2,SUMIF('2026'!$F:$F,$B27,'2026'!AW:AW)/PARAMETER!$T$3,"") | AY27: =IF(AY$4<=PARAMETER!$X$2,SUMIF('2026'!$F:$F,$B27,'2026'!AX:AX)/PARAMETER!$T$3,"") | AZ27: =IF(AZ$4<=PARAMETER!$X$2,SUMIF('2026'!$F:$F,$B27,'2026'!AY:AY)/PARAMETER!$T$3,"") | BA27: =IF(BA$4<=PARAMETER!$X$2,SUMIF('2026'!$F:$F,$B27,'2026'!AZ:AZ)/PARAMETER!$T$3,"") | BB27: =IF(BB$4<=PARAMETER!$X$2,SUMIF('2026'!$F:$F,$B27,'2026'!BA:BA)/PARAMETER!$T$3,"") | BC27: =IF(BC$4<=PARAMETER!$X$2,SUMIF('2026'!$F:$F,$B27,'2026'!BB:BB)/PARAMETER!$T$3,"") | BD27: =IF(BD$4<=PARAMETER!$X$2,SUMIF('2026'!$F:$F,$B27,'2026'!BC:BC)/PARAMETER!$T$3,"") | BE27: =IF(BE$4<=PARAMETER!$X$2,SUMIF('2026'!$F:$F,$B27,'2026'!BD:BD)/PARAMETER!$T$3,"") | BF27: =IF(BF$4<=PARAMETER!$X$2,SUMIF('2026'!$F:$F,$B27,'2026'!BE:BE)/PARAMETER!$T$3,"") | BG27: =IF(BG$4<=PARAMETER!$X$2,SUMIF('2026'!$F:$F,$B27,'2026'!BF:BF)/PARAMETER!$T$3,"") | BH27: =IF(BH$4<=PARAMETER!$X$2,SUMIF('2026'!$F:$F,$B27,'2026'!BG:BG)/PARAMETER!$T$3,"") | BI27: =IF(BI$4<=PARAMETER!$X$2,SUMIF('2026'!$F:$F,$B27,'2026'!BH:BH)/PARAMETER!$T$3,"") | BJ27: =IF(BJ$4<=PARAMETER!$X$2,SUMIF('2026'!$F:$F,$B27,'2026'!BI:BI)/PARAMETER!$T$3,"")
A28: =A27 -> 4 | B28: =CONCATENATE(C28,PARAMETER!T$2) -> KCICVOL | C28: =C27 -> KCIC | D28: YoY (%) | E28: =IFERROR(I28/I29-1,"") -> 0.74300271 | F28: =IFERROR(IF(E28>300%,300%,E28),"") -> 0.74300271 | G28: =G24 -> 2025 | H28: =IF(H$4<=PARAMETER!$X$2,SUMIF('2025'!$F:$F,$B28,'2025'!G:G)/PARAMETER!$T$3,"") -> 27322.724 | I28: =IF(I$4<=PARAMETER!$X$2,SUMIF('2025'!$F:$F,$B28,'2025'!H:H)/PARAMETER!$T$3,"") -> 4609.85 | J28: =IF(J$4<=PARAMETER!$X$2,SUMIF('2025'!$F:$F,$B28,'2025'!I:I)/PARAMETER!$T$3,"") -> 330.175 | K28: =IF(K$4<=PARAMETER!$X$2,SUMIF('2025'!$F:$F,$B28,'2025'!J:J)/PARAMETER!$T$3,"") -> 336.125 | L28: =IF(L$4<=PARAMETER!$X$2,SUMIF('2025'!$F:$F,$B28,'2025'!K:K)/PARAMETER!$T$3,"") -> 464 | M28: =IF(M$4<=PARAMETER!$X$2,SUMIF('2025'!$F:$F,$B28,'2025'!L:L)/PARAMETER!$T$3,"") -> 434.475 | N28: =IF(N$4<=PARAMETER!$X$2,SUMIF('2025'!$F:$F,$B28,'2025'!M:M)/PARAMETER!$T$3,"") -> 445.75 | O28: =IF(O$4<=PARAMETER!$X$2,SUMIF('2025'!$F:$F,$B28,'2025'!N:N)/PARAMETER!$T$3,"") -> 545.075 | P28: =IF(P$4<=PARAMETER!$X$2,SUMIF('2025'!$F:$F,$B28,'2025'!O:O)/PARAMETER!$T$3,"") -> 526.8 | Q28: =IF(Q$4<=PARAMETER!$X$2,SUMIF('2025'!$F:$F,$B28,'2025'!P:P)/PARAMETER!$T$3,"") -> 427.35 | R28: =IF(R$4<=PARAMETER!$X$2,SUMIF('2025'!$F:$F,$B28,'2025'!Q:Q)/PARAMETER!$T$3,"") -> 279.525 | S28: =IF(S$4<=PARAMETER!$X$2,SUMIF('2025'!$F:$F,$B28,'2025'!R:R)/PARAMETER!$T$3,"") -> 296.5 | T28: =IF(T$4<=PARAMETER!$X$2,SUMIF('2025'!$F:$F,$B28,'2025'!S:S)/PARAMETER!$T$3,"") -> 294.725 | U28: =IF(U$4<=PARAMETER!$X$2,SUMIF('2025'!$F:$F,$B28,'2025'!T:T)/PARAMETER!$T$3,"") -> 229.35 | V28: =IF(V$4<=PARAMETER!$X$2,SUMIF('2025'!$F:$F,$B28,'2025'!U:U)/PARAMETER!$T$3,"") | W28: =IF(W$4<=PARAMETER!$X$2,SUMIF('2025'!$F:$F,$B28,'2025'!V:V)/PARAMETER!$T$3,"") | X28: =IF(X$4<=PARAMETER!$X$2,SUMIF('2025'!$F:$F,$B28,'2025'!W:W)/PARAMETER!$T$3,"") | Y28: =IF(Y$4<=PARAMETER!$X$2,SUMIF('2025'!$F:$F,$B28,'2025'!X:X)/PARAMETER!$T$3,"") | Z28: =IF(Z$4<=PARAMETER!$X$2,SUMIF('2025'!$F:$F,$B28,'2025'!Y:Y)/PARAMETER!$T$3,"") | AA28: =IF(AA$4<=PARAMETER!$X$2,SUMIF('2025'!$F:$F,$B28,'2025'!Z:Z)/PARAMETER!$T$3,"") | AB28: =IF(AB$4<=PARAMETER!$X$2,SUMIF('2025'!$F:$F,$B28,'2025'!AA:AA)/PARAMETER!$T$3,"") | AC28: =IF(AC$4<=PARAMETER!$X$2,SUMIF('2025'!$F:$F,$B28,'2025'!AB:AB)/PARAMETER!$T$3,"") | AD28: =IF(AD$4<=PARAMETER!$X$2,SUMIF('2025'!$F:$F,$B28,'2025'!AC:AC)/PARAMETER!$T$3,"") | AE28: =IF(AE$4<=PARAMETER!$X$2,SUMIF('2025'!$F:$F,$B28,'2025'!AD:AD)/PARAMETER!$T$3,"") | AF28: =IF(AF$4<=PARAMETER!$X$2,SUMIF('2025'!$F:$F,$B28,'2025'!AE:AE)/PARAMETER!$T$3,"") | AG28: =IF(AG$4<=PARAMETER!$X$2,SUMIF('2025'!$F:$F,$B28,'2025'!AF:AF)/PARAMETER!$T$3,"") | AH28: =IF(AH$4<=PARAMETER!$X$2,SUMIF('2025'!$F:$F,$B28,'2025'!AG:AG)/PARAMETER!$T$3,"") | AI28: =IF(AI$4<=PARAMETER!$X$2,SUMIF('2025'!$F:$F,$B28,'2025'!AH:AH)/PARAMETER!$T$3,"") | AJ28: =IF(AJ$4<=PARAMETER!$X$2,SUMIF('2025'!$F:$F,$B28,'2025'!AI:AI)/PARAMETER!$T$3,"") | AK28: =IF(AK$4<=PARAMETER!$X$2,SUMIF('2025'!$F:$F,$B28,'2025'!AJ:AJ)/PARAMETER!$T$3,"") | AL28: =IF(AL$4<=PARAMETER!$X$2,SUMIF('2025'!$F:$F,$B28,'2025'!AK:AK)/PARAMETER!$T$3,"") | AM28: =IF(AM$4<=PARAMETER!$X$2,SUMIF('2025'!$F:$F,$B28,'2025'!AL:AL)/PARAMETER!$T$3,"") | AN28: =IF(AN$4<=PARAMETER!$X$2,SUMIF('2025'!$F:$F,$B28,'2025'!AM:AM)/PARAMETER!$T$3,"") | AO28: =IF(AO$4<=PARAMETER!$X$2,SUMIF('2025'!$F:$F,$B28,'2025'!AN:AN)/PARAMETER!$T$3,"") | AP28: =IF(AP$4<=PARAMETER!$X$2,SUMIF('2025'!$F:$F,$B28,'2025'!AO:AO)/PARAMETER!$T$3,"") | AQ28: =IF(AQ$4<=PARAMETER!$X$2,SUMIF('2025'!$F:$F,$B28,'2025'!AP:AP)/PARAMETER!$T$3,"") | AR28: =IF(AR$4<=PARAMETER!$X$2,SUMIF('2025'!$F:$F,$B28,'2025'!AQ:AQ)/PARAMETER!$T$3,"") | AS28: =IF(AS$4<=PARAMETER!$X$2,SUMIF('2025'!$F:$F,$B28,'2025'!AR:AR)/PARAMETER!$T$3,"") | AT28: =IF(AT$4<=PARAMETER!$X$2,SUMIF('2025'!$F:$F,$B28,'2025'!AS:AS)/PARAMETER!$T$3,"") | AU28: =IF(AU$4<=PARAMETER!$X$2,SUMIF('2025'!$F:$F,$B28,'2025'!AT:AT)/PARAMETER!$T$3,"") | AV28: =IF(AV$4<=PARAMETER!$X$2,SUMIF('2025'!$F:$F,$B28,'2025'!AU:AU)/PARAMETER!$T$3,"") | AW28: =IF(AW$4<=PARAMETER!$X$2,SUMIF('2025'!$F:$F,$B28,'2025'!AV:AV)/PARAMETER!$T$3,"") | AX28: =IF(AX$4<=PARAMETER!$X$2,SUMIF('2025'!$F:$F,$B28,'2025'!AW:AW)/PARAMETER!$T$3,"") | AY28: =IF(AY$4<=PARAMETER!$X$2,SUMIF('2025'!$F:$F,$B28,'2025'!AX:AX)/PARAMETER!$T$3,"") | AZ28: =IF(AZ$4<=PARAMETER!$X$2,SUMIF('2025'!$F:$F,$B28,'2025'!AY:AY)/PARAMETER!$T$3,"") | BA28: =IF(BA$4<=PARAMETER!$X$2,SUMIF('2025'!$F:$F,$B28,'2025'!AZ:AZ)/PARAMETER!$T$3,"") | BB28: =IF(BB$4<=PARAMETER!$X$2,SUMIF('2025'!$F:$F,$B28,'2025'!BA:BA)/PARAMETER!$T$3,"") | BC28: =IF(BC$4<=PARAMETER!$X$2,SUMIF('2025'!$F:$F,$B28,'2025'!BB:BB)/PARAMETER!$T$3,"") | BD28: =IF(BD$4<=PARAMETER!$X$2,SUMIF('2025'!$F:$F,$B28,'2025'!BC:BC)/PARAMETER!$T$3,"") | BE28: =IF(BE$4<=PARAMETER!$X$2,SUMIF('2025'!$F:$F,$B28,'2025'!BD:BD)/PARAMETER!$T$3,"") | BF28: =IF(BF$4<=PARAMETER!$X$2,SUMIF('2025'!$F:$F,$B28,'2025'!BE:BE)/PARAMETER!$T$3,"") | BG28: =IF(BG$4<=PARAMETER!$X$2,SUMIF('2025'!$F:$F,$B28,'2025'!BF:BF)/PARAMETER!$T$3,"") | BH28: =IF(BH$4<=PARAMETER!$X$2,SUMIF('2025'!$F:$F,$B28,'2025'!BG:BG)/PARAMETER!$T$3,"") | BI28: =IF(BI$4<=PARAMETER!$X$2,SUMIF('2025'!$F:$F,$B28,'2025'!BH:BH)/PARAMETER!$T$3,"") | BJ28: =IF(BJ$4<=PARAMETER!$X$2,SUMIF('2025'!$F:$F,$B28,'2025'!BI:BI)/PARAMETER!$T$3,"")
A29: =A27 -> 4 | B29: =CONCATENATE(C29,PARAMETER!T$2) -> KCICVOL | C29: =C28 -> KCIC | G29: =G25 -> 2024 | H29: =IF(H$4<=PARAMETER!$X$2,SUMIF('2024'!$F:$F,$B29,'2024'!G:G)/PARAMETER!$T$3,"") -> 18287.32 | I29: =IF(I$4<=PARAMETER!$X$2,SUMIF('2024'!$F:$F,$B29,'2024'!H:H)/PARAMETER!$T$3,"") -> 2644.775 | J29: =IF(J$4<=PARAMETER!$X$2,SUMIF('2024'!$F:$F,$B29,'2024'!I:I)/PARAMETER!$T$3,"") -> 185.6 | K29: =IF(K$4<=PARAMETER!$X$2,SUMIF('2024'!$F:$F,$B29,'2024'!J:J)/PARAMETER!$T$3,"") -> 173.95 | L29: =IF(L$4<=PARAMETER!$X$2,SUMIF('2024'!$F:$F,$B29,'2024'!K:K)/PARAMETER!$T$3,"") -> 157.7 | M29: =IF(M$4<=PARAMETER!$X$2,SUMIF('2024'!$F:$F,$B29,'2024'!L:L)/PARAMETER!$T$3,"") -> 188.45 | N29: =IF(N$4<=PARAMETER!$X$2,SUMIF('2024'!$F:$F,$B29,'2024'!M:M)/PARAMETER!$T$3,"") -> 364.625 | O29: =IF(O$4<=PARAMETER!$X$2,SUMIF('2024'!$F:$F,$B29,'2024'!N:N)/PARAMETER!$T$3,"") -> 204.2 | P29: =IF(P$4<=PARAMETER!$X$2,SUMIF('2024'!$F:$F,$B29,'2024'!O:O)/PARAMETER!$T$3,"") -> 242.3 | Q29: =IF(Q$4<=PARAMETER!$X$2,SUMIF('2024'!$F:$F,$B29,'2024'!P:P)/PARAMETER!$T$3,"") -> 242.025 | R29: =IF(R$4<=PARAMETER!$X$2,SUMIF('2024'!$F:$F,$B29,'2024'!Q:Q)/PARAMETER!$T$3,"") -> 311.275 | S29: =IF(S$4<=PARAMETER!$X$2,SUMIF('2024'!$F:$F,$B29,'2024'!R:R)/PARAMETER!$T$3,"") -> 266.675 | T29: =IF(T$4<=PARAMETER!$X$2,SUMIF('2024'!$F:$F,$B29,'2024'!S:S)/PARAMETER!$T$3,"") -> 146.05 | U29: =IF(U$4<=PARAMETER!$X$2,SUMIF('2024'!$F:$F,$B29,'2024'!T:T)/PARAMETER!$T$3,"") -> 161.925 | V29: =IF(V$4<=PARAMETER!$X$2,SUMIF('2024'!$F:$F,$B29,'2024'!U:U)/PARAMETER!$T$3,"") | W29: =IF(W$4<=PARAMETER!$X$2,SUMIF('2024'!$F:$F,$B29,'2024'!V:V)/PARAMETER!$T$3,"") | X29: =IF(X$4<=PARAMETER!$X$2,SUMIF('2024'!$F:$F,$B29,'2024'!W:W)/PARAMETER!$T$3,"") | Y29: =IF(Y$4<=PARAMETER!$X$2,SUMIF('2024'!$F:$F,$B29,'2024'!X:X)/PARAMETER!$T$3,"") | Z29: =IF(Z$4<=PARAMETER!$X$2,SUMIF('2024'!$F:$F,$B29,'2024'!Y:Y)/PARAMETER!$T$3,"") | AA29: =IF(AA$4<=PARAMETER!$X$2,SUMIF('2024'!$F:$F,$B29,'2024'!Z:Z)/PARAMETER!$T$3,"") | AB29: =IF(AB$4<=PARAMETER!$X$2,SUMIF('2024'!$F:$F,$B29,'2024'!AA:AA)/PARAMETER!$T$3,"") | AC29: =IF(AC$4<=PARAMETER!$X$2,SUMIF('2024'!$F:$F,$B29,'2024'!AB:AB)/PARAMETER!$T$3,"") | AD29: =IF(AD$4<=PARAMETER!$X$2,SUMIF('2024'!$F:$F,$B29,'2024'!AC:AC)/PARAMETER!$T$3,"") | AE29: =IF(AE$4<=PARAMETER!$X$2,SUMIF('2024'!$F:$F,$B29,'2024'!AD:AD)/PARAMETER!$T$3,"") | AF29: =IF(AF$4<=PARAMETER!$X$2,SUMIF('2024'!$F:$F,$B29,'2024'!AE:AE)/PARAMETER!$T$3,"") | AG29: =IF(AG$4<=PARAMETER!$X$2,SUMIF('2024'!$F:$F,$B29,'2024'!AF:AF)/PARAMETER!$T$3,"") | AH29: =IF(AH$4<=PARAMETER!$X$2,SUMIF('2024'!$F:$F,$B29,'2024'!AG:AG)/PARAMETER!$T$3,"") | AI29: =IF(AI$4<=PARAMETER!$X$2,SUMIF('2024'!$F:$F,$B29,'2024'!AH:AH)/PARAMETER!$T$3,"") | AJ29: =IF(AJ$4<=PARAMETER!$X$2,SUMIF('2024'!$F:$F,$B29,'2024'!AI:AI)/PARAMETER!$T$3,"") | AK29: =IF(AK$4<=PARAMETER!$X$2,SUMIF('2024'!$F:$F,$B29,'2024'!AJ:AJ)/PARAMETER!$T$3,"") | AL29: =IF(AL$4<=PARAMETER!$X$2,SUMIF('2024'!$F:$F,$B29,'2024'!AK:AK)/PARAMETER!$T$3,"") | AM29: =IF(AM$4<=PARAMETER!$X$2,SUMIF('2024'!$F:$F,$B29,'2024'!AL:AL)/PARAMETER!$T$3,"") | AN29: =IF(AN$4<=PARAMETER!$X$2,SUMIF('2024'!$F:$F,$B29,'2024'!AM:AM)/PARAMETER!$T$3,"") | AO29: =IF(AO$4<=PARAMETER!$X$2,SUMIF('2024'!$F:$F,$B29,'2024'!AN:AN)/PARAMETER!$T$3,"") | AP29: =IF(AP$4<=PARAMETER!$X$2,SUMIF('2024'!$F:$F,$B29,'2024'!AO:AO)/PARAMETER!$T$3,"") | AQ29: =IF(AQ$4<=PARAMETER!$X$2,SUMIF('2024'!$F:$F,$B29,'2024'!AP:AP)/PARAMETER!$T$3,"") | AR29: =IF(AR$4<=PARAMETER!$X$2,SUMIF('2024'!$F:$F,$B29,'2024'!AQ:AQ)/PARAMETER!$T$3,"") | AS29: =IF(AS$4<=PARAMETER!$X$2,SUMIF('2024'!$F:$F,$B29,'2024'!AR:AR)/PARAMETER!$T$3,"") | AT29: =IF(AT$4<=PARAMETER!$X$2,SUMIF('2024'!$F:$F,$B29,'2024'!AS:AS)/PARAMETER!$T$3,"") | AU29: =IF(AU$4<=PARAMETER!$X$2,SUMIF('2024'!$F:$F,$B29,'2024'!AT:AT)/PARAMETER!$T$3,"") | AV29: =IF(AV$4<=PARAMETER!$X$2,SUMIF('2024'!$F:$F,$B29,'2024'!AU:AU)/PARAMETER!$T$3,"") | AW29: =IF(AW$4<=PARAMETER!$X$2,SUMIF('2024'!$F:$F,$B29,'2024'!AV:AV)/PARAMETER!$T$3,"") | AX29: =IF(AX$4<=PARAMETER!$X$2,SUMIF('2024'!$F:$F,$B29,'2024'!AW:AW)/PARAMETER!$T$3,"") | AY29: =IF(AY$4<=PARAMETER!$X$2,SUMIF('2024'!$F:$F,$B29,'2024'!AX:AX)/PARAMETER!$T$3,"") | AZ29: =IF(AZ$4<=PARAMETER!$X$2,SUMIF('2024'!$F:$F,$B29,'2024'!AY:AY)/PARAMETER!$T$3,"") | BA29: =IF(BA$4<=PARAMETER!$X$2,SUMIF('2024'!$F:$F,$B29,'2024'!AZ:AZ)/PARAMETER!$T$3,"") | BB29: =IF(BB$4<=PARAMETER!$X$2,SUMIF('2024'!$F:$F,$B29,'2024'!BA:BA)/PARAMETER!$T$3,"") | BC29: =IF(BC$4<=PARAMETER!$X$2,SUMIF('2024'!$F:$F,$B29,'2024'!BB:BB)/PARAMETER!$T$3,"") | BD29: =IF(BD$4<=PARAMETER!$X$2,SUMIF('2024'!$F:$F,$B29,'2024'!BC:BC)/PARAMETER!$T$3,"") | BE29: =IF(BE$4<=PARAMETER!$X$2,SUMIF('2024'!$F:$F,$B29,'2024'!BD:BD)/PARAMETER!$T$3,"") | BF29: =IF(BF$4<=PARAMETER!$X$2,SUMIF('2024'!$F:$F,$B29,'2024'!BE:BE)/PARAMETER!$T$3,"") | BG29: =IF(BG$4<=PARAMETER!$X$2,SUMIF('2024'!$F:$F,$B29,'2024'!BF:BF)/PARAMETER!$T$3,"") | BH29: =IF(BH$4<=PARAMETER!$X$2,SUMIF('2024'!$F:$F,$B29,'2024'!BG:BG)/PARAMETER!$T$3,"") | BI29: =IF(BI$4<=PARAMETER!$X$2,SUMIF('2024'!$F:$F,$B29,'2024'!BH:BH)/PARAMETER!$T$3,"") | BJ29: =IF(BJ$4<=PARAMETER!$X$2,SUMIF('2024'!$F:$F,$B29,'2024'!BI:BI)/PARAMETER!$T$3,"")
A30: 5 | B30: =CONCATENATE(C30,PARAMETER!T$2) -> OPTIK MELAWAIVOL | C30: =IFERROR(VLOOKUP(A30,PARAMETER!K$2:M38,3,0),"") -> OPTIK MELAWAI | D30: Ach (%) | E30: =IFERROR(I31/I30,"") -> 4.1285774 | F30: =IFERROR(IF(E30>300%,300%,E30),"") -> 3 | G30: =G26 -> Target | H30: =IF(H$4<=PARAMETER!$X$2,SUMIF('2026 T'!$F:$F,$B30,'2026 T'!G:G)/PARAMETER!$T$3,"") -> 8200 | I30: =IF(I$4<=PARAMETER!$X$2,SUMIF('2026 T'!$F:$F,$B30,'2026 T'!H:H)/PARAMETER!$T$3,"") -> 5937.7519 | J30: =IF(J$4<=PARAMETER!$X$2,SUMIF('2026 T'!$F:$F,$B30,'2026 T'!I:I)/PARAMETER!$T$3,"") -> 1063.0043 | K30: =IF(K$4<=PARAMETER!$X$2,SUMIF('2026 T'!$F:$F,$B30,'2026 T'!J:J)/PARAMETER!$T$3,"") -> 1042.7517 | L30: =IF(L$4<=PARAMETER!$X$2,SUMIF('2026 T'!$F:$F,$B30,'2026 T'!K:K)/PARAMETER!$T$3,"") -> 954.21965 | M30: =IF(M$4<=PARAMETER!$X$2,SUMIF('2026 T'!$F:$F,$B30,'2026 T'!L:L)/PARAMETER!$T$3,"") -> 1196.5661 | N30: =IF(N$4<=PARAMETER!$X$2,SUMIF('2026 T'!$F:$F,$B30,'2026 T'!M:M)/PARAMETER!$T$3,"") -> 736.95616 | O30: =IF(O$4<=PARAMETER!$X$2,SUMIF('2026 T'!$F:$F,$B30,'2026 T'!N:N)/PARAMETER!$T$3,"") -> 187.36551 | P30: =IF(P$4<=PARAMETER!$X$2,SUMIF('2026 T'!$F:$F,$B30,'2026 T'!O:O)/PARAMETER!$T$3,"") -> 243.16531 | Q30: =IF(Q$4<=PARAMETER!$X$2,SUMIF('2026 T'!$F:$F,$B30,'2026 T'!P:P)/PARAMETER!$T$3,"") -> 249.82102 | R30: =IF(R$4<=PARAMETER!$X$2,SUMIF('2026 T'!$F:$F,$B30,'2026 T'!Q:Q)/PARAMETER!$T$3,"") -> 263.90216 | S30: =IF(S$4<=PARAMETER!$X$2,SUMIF('2026 T'!$F:$F,$B30,'2026 T'!R:R)/PARAMETER!$T$3,"") -> 223.10726 | T30: =IF(T$4<=PARAMETER!$X$2,SUMIF('2026 T'!$F:$F,$B30,'2026 T'!S:S)/PARAMETER!$T$3,"") -> 38.946875 | U30: =IF(U$4<=PARAMETER!$X$2,SUMIF('2026 T'!$F:$F,$B30,'2026 T'!T:T)/PARAMETER!$T$3,"") -> 27.198619 | V30: =IF(V$4<=PARAMETER!$X$2,SUMIF('2026 T'!$F:$F,$B30,'2026 T'!U:U)/PARAMETER!$T$3,"") | W30: =IF(W$4<=PARAMETER!$X$2,SUMIF('2026 T'!$F:$F,$B30,'2026 T'!V:V)/PARAMETER!$T$3,"") | X30: =IF(X$4<=PARAMETER!$X$2,SUMIF('2026 T'!$F:$F,$B30,'2026 T'!W:W)/PARAMETER!$T$3,"") | Y30: =IF(Y$4<=PARAMETER!$X$2,SUMIF('2026 T'!$F:$F,$B30,'2026 T'!X:X)/PARAMETER!$T$3,"") | Z30: =IF(Z$4<=PARAMETER!$X$2,SUMIF('2026 T'!$F:$F,$B30,'2026 T'!Y:Y)/PARAMETER!$T$3,"") | AA30: =IF(AA$4<=PARAMETER!$X$2,SUMIF('2026 T'!$F:$F,$B30,'2026 T'!Z:Z)/PARAMETER!$T$3,"") | AB30: =IF(AB$4<=PARAMETER!$X$2,SUMIF('2026 T'!$F:$F,$B30,'2026 T'!AA:AA)/PARAMETER!$T$3,"") | AC30: =IF(AC$4<=PARAMETER!$X$2,SUMIF('2026 T'!$F:$F,$B30,'2026 T'!AB:AB)/PARAMETER!$T$3,"") | AD30: =IF(AD$4<=PARAMETER!$X$2,SUMIF('2026 T'!$F:$F,$B30,'2026 T'!AC:AC)/PARAMETER!$T$3,"") | AE30: =IF(AE$4<=PARAMETER!$X$2,SUMIF('2026 T'!$F:$F,$B30,'2026 T'!AD:AD)/PARAMETER!$T$3,"") | AF30: =IF(AF$4<=PARAMETER!$X$2,SUMIF('2026 T'!$F:$F,$B30,'2026 T'!AE:AE)/PARAMETER!$T$3,"") | AG30: =IF(AG$4<=PARAMETER!$X$2,SUMIF('2026 T'!$F:$F,$B30,'2026 T'!AF:AF)/PARAMETER!$T$3,"") | AH30: =IF(AH$4<=PARAMETER!$X$2,SUMIF('2026 T'!$F:$F,$B30,'2026 T'!AG:AG)/PARAMETER!$T$3,"") | AI30: =IF(AI$4<=PARAMETER!$X$2,SUMIF('2026 T'!$F:$F,$B30,'2026 T'!AH:AH)/PARAMETER!$T$3,"") | AJ30: =IF(AJ$4<=PARAMETER!$X$2,SUMIF('2026 T'!$F:$F,$B30,'2026 T'!AI:AI)/PARAMETER!$T$3,"") | AK30: =IF(AK$4<=PARAMETER!$X$2,SUMIF('2026 T'!$F:$F,$B30,'2026 T'!AJ:AJ)/PARAMETER!$T$3,"") | AL30: =IF(AL$4<=PARAMETER!$X$2,SUMIF('2026 T'!$F:$F,$B30,'2026 T'!AK:AK)/PARAMETER!$T$3,"") | AM30: =IF(AM$4<=PARAMETER!$X$2,SUMIF('2026 T'!$F:$F,$B30,'2026 T'!AL:AL)/PARAMETER!$T$3,"") | AN30: =IF(AN$4<=PARAMETER!$X$2,SUMIF('2026 T'!$F:$F,$B30,'2026 T'!AM:AM)/PARAMETER!$T$3,"") | AO30: =IF(AO$4<=PARAMETER!$X$2,SUMIF('2026 T'!$F:$F,$B30,'2026 T'!AN:AN)/PARAMETER!$T$3,"") | AP30: =IF(AP$4<=PARAMETER!$X$2,SUMIF('2026 T'!$F:$F,$B30,'2026 T'!AO:AO)/PARAMETER!$T$3,"") | AQ30: =IF(AQ$4<=PARAMETER!$X$2,SUMIF('2026 T'!$F:$F,$B30,'2026 T'!AP:AP)/PARAMETER!$T$3,"") | AR30: =IF(AR$4<=PARAMETER!$X$2,SUMIF('2026 T'!$F:$F,$B30,'2026 T'!AQ:AQ)/PARAMETER!$T$3,"") | AS30: =IF(AS$4<=PARAMETER!$X$2,SUMIF('2026 T'!$F:$F,$B30,'2026 T'!AR:AR)/PARAMETER!$T$3,"") | AT30: =IF(AT$4<=PARAMETER!$X$2,SUMIF('2026 T'!$F:$F,$B30,'2026 T'!AS:AS)/PARAMETER!$T$3,"") | AU30: =IF(AU$4<=PARAMETER!$X$2,SUMIF('2026 T'!$F:$F,$B30,'2026 T'!AT:AT)/PARAMETER!$T$3,"") | AV30: =IF(AV$4<=PARAMETER!$X$2,SUMIF('2026 T'!$F:$F,$B30,'2026 T'!AU:AU)/PARAMETER!$T$3,"") | AW30: =IF(AW$4<=PARAMETER!$X$2,SUMIF('2026 T'!$F:$F,$B30,'2026 T'!AV:AV)/PARAMETER!$T$3,"") | AX30: =IF(AX$4<=PARAMETER!$X$2,SUMIF('2026 T'!$F:$F,$B30,'2026 T'!AW:AW)/PARAMETER!$T$3,"") | AY30: =IF(AY$4<=PARAMETER!$X$2,SUMIF('2026 T'!$F:$F,$B30,'2026 T'!AX:AX)/PARAMETER!$T$3,"") | AZ30: =IF(AZ$4<=PARAMETER!$X$2,SUMIF('2026 T'!$F:$F,$B30,'2026 T'!AY:AY)/PARAMETER!$T$3,"") | BA30: =IF(BA$4<=PARAMETER!$X$2,SUMIF('2026 T'!$F:$F,$B30,'2026 T'!AZ:AZ)/PARAMETER!$T$3,"") | BB30: =IF(BB$4<=PARAMETER!$X$2,SUMIF('2026 T'!$F:$F,$B30,'2026 T'!BA:BA)/PARAMETER!$T$3,"") | BC30: =IF(BC$4<=PARAMETER!$X$2,SUMIF('2026 T'!$F:$F,$B30,'2026 T'!BB:BB)/PARAMETER!$T$3,"") | BD30: =IF(BD$4<=PARAMETER!$X$2,SUMIF('2026 T'!$F:$F,$B30,'2026 T'!BC:BC)/PARAMETER!$T$3,"") | BE30: =IF(BE$4<=PARAMETER!$X$2,SUMIF('2026 T'!$F:$F,$B30,'2026 T'!BD:BD)/PARAMETER!$T$3,"") | BF30: =IF(BF$4<=PARAMETER!$X$2,SUMIF('2026 T'!$F:$F,$B30,'2026 T'!BE:BE)/PARAMETER!$T$3,"") | BG30: =IF(BG$4<=PARAMETER!$X$2,SUMIF('2026 T'!$F:$F,$B30,'2026 T'!BF:BF)/PARAMETER!$T$3,"") | BH30: =IF(BH$4<=PARAMETER!$X$2,SUMIF('2026 T'!$F:$F,$B30,'2026 T'!BG:BG)/PARAMETER!$T$3,"") | BI30: =IF(BI$4<=PARAMETER!$X$2,SUMIF('2026 T'!$F:$F,$B30,'2026 T'!BH:BH)/PARAMETER!$T$3,"") | BJ30: =IF(BJ$4<=PARAMETER!$X$2,SUMIF('2026 T'!$F:$F,$B30,'2026 T'!BI:BI)/PARAMETER!$T$3,"")
A31: =A30 -> 5 | B31: =CONCATENATE(C31,PARAMETER!T$2) -> OPTIK MELAWAIVOL | C31: =C30 -> OPTIK MELAWAI | D31: YoY (%) | E31: =IFERROR(I31/I32-1,"") -> 2.9766585 | F31: =IFERROR(IF(E31>300%,300%,E31),"") -> 2.9766585 | G31: =G27 -> 2026 | H31: =IF(H$4<=PARAMETER!$X$2,SUMIF('2026'!$F:$F,$B31,'2026'!G:G)/PARAMETER!$T$3,"") -> 26511.827 | I31: =IF(I$4<=PARAMETER!$X$2,SUMIF('2026'!$F:$F,$B31,'2026'!H:H)/PARAMETER!$T$3,"") -> 24514.468 | J31: =IF(J$4<=PARAMETER!$X$2,SUMIF('2026'!$F:$F,$B31,'2026'!I:I)/PARAMETER!$T$3,"") -> 0 | K31: =IF(K$4<=PARAMETER!$X$2,SUMIF('2026'!$F:$F,$B31,'2026'!J:J)/PARAMETER!$T$3,"") -> 0 | L31: =IF(L$4<=PARAMETER!$X$2,SUMIF('2026'!$F:$F,$B31,'2026'!K:K)/PARAMETER!$T$3,"") -> 0 | M31: =IF(M$4<=PARAMETER!$X$2,SUMIF('2026'!$F:$F,$B31,'2026'!L:L)/PARAMETER!$T$3,"") -> 0 | N31: =IF(N$4<=PARAMETER!$X$2,SUMIF('2026'!$F:$F,$B31,'2026'!M:M)/PARAMETER!$T$3,"") -> 0 | O31: =IF(O$4<=PARAMETER!$X$2,SUMIF('2026'!$F:$F,$B31,'2026'!N:N)/PARAMETER!$T$3,"") -> 0 | P31: =IF(P$4<=PARAMETER!$X$2,SUMIF('2026'!$F:$F,$B31,'2026'!O:O)/PARAMETER!$T$3,"") -> 0 | Q31: =IF(Q$4<=PARAMETER!$X$2,SUMIF('2026'!$F:$F,$B31,'2026'!P:P)/PARAMETER!$T$3,"") -> 0 | R31: =IF(R$4<=PARAMETER!$X$2,SUMIF('2026'!$F:$F,$B31,'2026'!Q:Q)/PARAMETER!$T$3,"") -> 24514.468 | S31: =IF(S$4<=PARAMETER!$X$2,SUMIF('2026'!$F:$F,$B31,'2026'!R:R)/PARAMETER!$T$3,"") -> 0 | T31: =IF(T$4<=PARAMETER!$X$2,SUMIF('2026'!$F:$F,$B31,'2026'!S:S)/PARAMETER!$T$3,"") -> 0 | U31: =IF(U$4<=PARAMETER!$X$2,SUMIF('2026'!$F:$F,$B31,'2026'!T:T)/PARAMETER!$T$3,"") -> 0 | V31: =IF(V$4<=PARAMETER!$X$2,SUMIF('2026'!$F:$F,$B31,'2026'!U:U)/PARAMETER!$T$3,"") | W31: =IF(W$4<=PARAMETER!$X$2,SUMIF('2026'!$F:$F,$B31,'2026'!V:V)/PARAMETER!$T$3,"") | X31: =IF(X$4<=PARAMETER!$X$2,SUMIF('2026'!$F:$F,$B31,'2026'!W:W)/PARAMETER!$T$3,"") | Y31: =IF(Y$4<=PARAMETER!$X$2,SUMIF('2026'!$F:$F,$B31,'2026'!X:X)/PARAMETER!$T$3,"") | Z31: =IF(Z$4<=PARAMETER!$X$2,SUMIF('2026'!$F:$F,$B31,'2026'!Y:Y)/PARAMETER!$T$3,"") | AA31: =IF(AA$4<=PARAMETER!$X$2,SUMIF('2026'!$F:$F,$B31,'2026'!Z:Z)/PARAMETER!$T$3,"") | AB31: =IF(AB$4<=PARAMETER!$X$2,SUMIF('2026'!$F:$F,$B31,'2026'!AA:AA)/PARAMETER!$T$3,"") | AC31: =IF(AC$4<=PARAMETER!$X$2,SUMIF('2026'!$F:$F,$B31,'2026'!AB:AB)/PARAMETER!$T$3,"") | AD31: =IF(AD$4<=PARAMETER!$X$2,SUMIF('2026'!$F:$F,$B31,'2026'!AC:AC)/PARAMETER!$T$3,"") | AE31: =IF(AE$4<=PARAMETER!$X$2,SUMIF('2026'!$F:$F,$B31,'2026'!AD:AD)/PARAMETER!$T$3,"") | AF31: =IF(AF$4<=PARAMETER!$X$2,SUMIF('2026'!$F:$F,$B31,'2026'!AE:AE)/PARAMETER!$T$3,"") | AG31: =IF(AG$4<=PARAMETER!$X$2,SUMIF('2026'!$F:$F,$B31,'2026'!AF:AF)/PARAMETER!$T$3,"") | AH31: =IF(AH$4<=PARAMETER!$X$2,SUMIF('2026'!$F:$F,$B31,'2026'!AG:AG)/PARAMETER!$T$3,"") | AI31: =IF(AI$4<=PARAMETER!$X$2,SUMIF('2026'!$F:$F,$B31,'2026'!AH:AH)/PARAMETER!$T$3,"") | AJ31: =IF(AJ$4<=PARAMETER!$X$2,SUMIF('2026'!$F:$F,$B31,'2026'!AI:AI)/PARAMETER!$T$3,"") | AK31: =IF(AK$4<=PARAMETER!$X$2,SUMIF('2026'!$F:$F,$B31,'2026'!AJ:AJ)/PARAMETER!$T$3,"") | AL31: =IF(AL$4<=PARAMETER!$X$2,SUMIF('2026'!$F:$F,$B31,'2026'!AK:AK)/PARAMETER!$T$3,"") | AM31: =IF(AM$4<=PARAMETER!$X$2,SUMIF('2026'!$F:$F,$B31,'2026'!AL:AL)/PARAMETER!$T$3,"") | AN31: =IF(AN$4<=PARAMETER!$X$2,SUMIF('2026'!$F:$F,$B31,'2026'!AM:AM)/PARAMETER!$T$3,"") | AO31: =IF(AO$4<=PARAMETER!$X$2,SUMIF('2026'!$F:$F,$B31,'2026'!AN:AN)/PARAMETER!$T$3,"") | AP31: =IF(AP$4<=PARAMETER!$X$2,SUMIF('2026'!$F:$F,$B31,'2026'!AO:AO)/PARAMETER!$T$3,"") | AQ31: =IF(AQ$4<=PARAMETER!$X$2,SUMIF('2026'!$F:$F,$B31,'2026'!AP:AP)/PARAMETER!$T$3,"") | AR31: =IF(AR$4<=PARAMETER!$X$2,SUMIF('2026'!$F:$F,$B31,'2026'!AQ:AQ)/PARAMETER!$T$3,"") | AS31: =IF(AS$4<=PARAMETER!$X$2,SUMIF('2026'!$F:$F,$B31,'2026'!AR:AR)/PARAMETER!$T$3,"") | AT31: =IF(AT$4<=PARAMETER!$X$2,SUMIF('2026'!$F:$F,$B31,'2026'!AS:AS)/PARAMETER!$T$3,"") | AU31: =IF(AU$4<=PARAMETER!$X$2,SUMIF('2026'!$F:$F,$B31,'2026'!AT:AT)/PARAMETER!$T$3,"") | AV31: =IF(AV$4<=PARAMETER!$X$2,SUMIF('2026'!$F:$F,$B31,'2026'!AU:AU)/PARAMETER!$T$3,"") | AW31: =IF(AW$4<=PARAMETER!$X$2,SUMIF('2026'!$F:$F,$B31,'2026'!AV:AV)/PARAMETER!$T$3,"") | AX31: =IF(AX$4<=PARAMETER!$X$2,SUMIF('2026'!$F:$F,$B31,'2026'!AW:AW)/PARAMETER!$T$3,"") | AY31: =IF(AY$4<=PARAMETER!$X$2,SUMIF('2026'!$F:$F,$B31,'2026'!AX:AX)/PARAMETER!$T$3,"") | AZ31: =IF(AZ$4<=PARAMETER!$X$2,SUMIF('2026'!$F:$F,$B31,'2026'!AY:AY)/PARAMETER!$T$3,"") | BA31: =IF(BA$4<=PARAMETER!$X$2,SUMIF('2026'!$F:$F,$B31,'2026'!AZ:AZ)/PARAMETER!$T$3,"") | BB31: =IF(BB$4<=PARAMETER!$X$2,SUMIF('2026'!$F:$F,$B31,'2026'!BA:BA)/PARAMETER!$T$3,"") | BC31: =IF(BC$4<=PARAMETER!$X$2,SUMIF('2026'!$F:$F,$B31,'2026'!BB:BB)/PARAMETER!$T$3,"") | BD31: =IF(BD$4<=PARAMETER!$X$2,SUMIF('2026'!$F:$F,$B31,'2026'!BC:BC)/PARAMETER!$T$3,"") | BE31: =IF(BE$4<=PARAMETER!$X$2,SUMIF('2026'!$F:$F,$B31,'2026'!BD:BD)/PARAMETER!$T$3,"") | BF31: =IF(BF$4<=PARAMETER!$X$2,SUMIF('2026'!$F:$F,$B31,'2026'!BE:BE)/PARAMETER!$T$3,"") | BG31: =IF(BG$4<=PARAMETER!$X$2,SUMIF('2026'!$F:$F,$B31,'2026'!BF:BF)/PARAMETER!$T$3,"") | BH31: =IF(BH$4<=PARAMETER!$X$2,SUMIF('2026'!$F:$F,$B31,'2026'!BG:BG)/PARAMETER!$T$3,"") | BI31: =IF(BI$4<=PARAMETER!$X$2,SUMIF('2026'!$F:$F,$B31,'2026'!BH:BH)/PARAMETER!$T$3,"") | BJ31: =IF(BJ$4<=PARAMETER!$X$2,SUMIF('2026'!$F:$F,$B31,'2026'!BI:BI)/PARAMETER!$T$3,"")
A32: =A31 -> 5 | B32: =CONCATENATE(C32,PARAMETER!T$2) -> OPTIK MELAWAIVOL | C32: =C31 -> OPTIK MELAWAI | D32: YoY (%) | E32: =IFERROR(I32/I33-1,"") -> 2.6732216 | F32: =IFERROR(IF(E32>300%,300%,E32),"") -> 2.6732216 | G32: =G28 -> 2025 | H32: =IF(H$4<=PARAMETER!$X$2,SUMIF('2025'!$F:$F,$B32,'2025'!G:G)/PARAMETER!$T$3,"") -> 8081.4187 | I32: =IF(I$4<=PARAMETER!$X$2,SUMIF('2025'!$F:$F,$B32,'2025'!H:H)/PARAMETER!$T$3,"") -> 6164.5897 | J32: =IF(J$4<=PARAMETER!$X$2,SUMIF('2025'!$F:$F,$B32,'2025'!I:I)/PARAMETER!$T$3,"") -> 1052.3495 | K32: =IF(K$4<=PARAMETER!$X$2,SUMIF('2025'!$F:$F,$B32,'2025'!J:J)/PARAMETER!$T$3,"") -> 1032.2999 | L32: =IF(L$4<=PARAMETER!$X$2,SUMIF('2025'!$F:$F,$B32,'2025'!K:K)/PARAMETER!$T$3,"") -> 944.65525 | M32: =IF(M$4<=PARAMETER!$X$2,SUMIF('2025'!$F:$F,$B32,'2025'!L:L)/PARAMETER!$T$3,"") -> 1184.5726 | N32: =IF(N$4<=PARAMETER!$X$2,SUMIF('2025'!$F:$F,$B32,'2025'!M:M)/PARAMETER!$T$3,"") -> 729.56945 | O32: =IF(O$4<=PARAMETER!$X$2,SUMIF('2025'!$F:$F,$B32,'2025'!N:N)/PARAMETER!$T$3,"") -> 185.4875 | P32: =IF(P$4<=PARAMETER!$X$2,SUMIF('2025'!$F:$F,$B32,'2025'!O:O)/PARAMETER!$T$3,"") -> 240.728 | Q32: =IF(Q$4<=PARAMETER!$X$2,SUMIF('2025'!$F:$F,$B32,'2025'!P:P)/PARAMETER!$T$3,"") -> 247.317 | R32: =IF(R$4<=PARAMETER!$X$2,SUMIF('2025'!$F:$F,$B32,'2025'!Q:Q)/PARAMETER!$T$3,"") -> 261.257 | S32: =IF(S$4<=PARAMETER!$X$2,SUMIF('2025'!$F:$F,$B32,'2025'!R:R)/PARAMETER!$T$3,"") -> 220.871 | T32: =IF(T$4<=PARAMETER!$X$2,SUMIF('2025'!$F:$F,$B32,'2025'!S:S)/PARAMETER!$T$3,"") -> 38.5565 | U32: =IF(U$4<=PARAMETER!$X$2,SUMIF('2025'!$F:$F,$B32,'2025'!T:T)/PARAMETER!$T$3,"") -> 26.926 | V32: =IF(V$4<=PARAMETER!$X$2,SUMIF('2025'!$F:$F,$B32,'2025'!U:U)/PARAMETER!$T$3,"") | W32: =IF(W$4<=PARAMETER!$X$2,SUMIF('2025'!$F:$F,$B32,'2025'!V:V)/PARAMETER!$T$3,"") | X32: =IF(X$4<=PARAMETER!$X$2,SUMIF('2025'!$F:$F,$B32,'2025'!W:W)/PARAMETER!$T$3,"") | Y32: =IF(Y$4<=PARAMETER!$X$2,SUMIF('2025'!$F:$F,$B32,'2025'!X:X)/PARAMETER!$T$3,"") | Z32: =IF(Z$4<=PARAMETER!$X$2,SUMIF('2025'!$F:$F,$B32,'2025'!Y:Y)/PARAMETER!$T$3,"") | AA32: =IF(AA$4<=PARAMETER!$X$2,SUMIF('2025'!$F:$F,$B32,'2025'!Z:Z)/PARAMETER!$T$3,"") | AB32: =IF(AB$4<=PARAMETER!$X$2,SUMIF('2025'!$F:$F,$B32,'2025'!AA:AA)/PARAMETER!$T$3,"") | AC32: =IF(AC$4<=PARAMETER!$X$2,SUMIF('2025'!$F:$F,$B32,'2025'!AB:AB)/PARAMETER!$T$3,"") | AD32: =IF(AD$4<=PARAMETER!$X$2,SUMIF('2025'!$F:$F,$B32,'2025'!AC:AC)/PARAMETER!$T$3,"") | AE32: =IF(AE$4<=PARAMETER!$X$2,SUMIF('2025'!$F:$F,$B32,'2025'!AD:AD)/PARAMETER!$T$3,"") | AF32: =IF(AF$4<=PARAMETER!$X$2,SUMIF('2025'!$F:$F,$B32,'2025'!AE:AE)/PARAMETER!$T$3,"") | AG32: =IF(AG$4<=PARAMETER!$X$2,SUMIF('2025'!$F:$F,$B32,'2025'!AF:AF)/PARAMETER!$T$3,"") | AH32: =IF(AH$4<=PARAMETER!$X$2,SUMIF('2025'!$F:$F,$B32,'2025'!AG:AG)/PARAMETER!$T$3,"") | AI32: =IF(AI$4<=PARAMETER!$X$2,SUMIF('2025'!$F:$F,$B32,'2025'!AH:AH)/PARAMETER!$T$3,"") | AJ32: =IF(AJ$4<=PARAMETER!$X$2,SUMIF('2025'!$F:$F,$B32,'2025'!AI:AI)/PARAMETER!$T$3,"") | AK32: =IF(AK$4<=PARAMETER!$X$2,SUMIF('2025'!$F:$F,$B32,'2025'!AJ:AJ)/PARAMETER!$T$3,"") | AL32: =IF(AL$4<=PARAMETER!$X$2,SUMIF('2025'!$F:$F,$B32,'2025'!AK:AK)/PARAMETER!$T$3,"") | AM32: =IF(AM$4<=PARAMETER!$X$2,SUMIF('2025'!$F:$F,$B32,'2025'!AL:AL)/PARAMETER!$T$3,"") | AN32: =IF(AN$4<=PARAMETER!$X$2,SUMIF('2025'!$F:$F,$B32,'2025'!AM:AM)/PARAMETER!$T$3,"") | AO32: =IF(AO$4<=PARAMETER!$X$2,SUMIF('2025'!$F:$F,$B32,'2025'!AN:AN)/PARAMETER!$T$3,"") | AP32: =IF(AP$4<=PARAMETER!$X$2,SUMIF('2025'!$F:$F,$B32,'2025'!AO:AO)/PARAMETER!$T$3,"") | AQ32: =IF(AQ$4<=PARAMETER!$X$2,SUMIF('2025'!$F:$F,$B32,'2025'!AP:AP)/PARAMETER!$T$3,"") | AR32: =IF(AR$4<=PARAMETER!$X$2,SUMIF('2025'!$F:$F,$B32,'2025'!AQ:AQ)/PARAMETER!$T$3,"") | AS32: =IF(AS$4<=PARAMETER!$X$2,SUMIF('2025'!$F:$F,$B32,'2025'!AR:AR)/PARAMETER!$T$3,"") | AT32: =IF(AT$4<=PARAMETER!$X$2,SUMIF('2025'!$F:$F,$B32,'2025'!AS:AS)/PARAMETER!$T$3,"") | AU32: =IF(AU$4<=PARAMETER!$X$2,SUMIF('2025'!$F:$F,$B32,'2025'!AT:AT)/PARAMETER!$T$3,"") | AV32: =IF(AV$4<=PARAMETER!$X$2,SUMIF('2025'!$F:$F,$B32,'2025'!AU:AU)/PARAMETER!$T$3,"") | AW32: =IF(AW$4<=PARAMETER!$X$2,SUMIF('2025'!$F:$F,$B32,'2025'!AV:AV)/PARAMETER!$T$3,"") | AX32: =IF(AX$4<=PARAMETER!$X$2,SUMIF('2025'!$F:$F,$B32,'2025'!AW:AW)/PARAMETER!$T$3,"") | AY32: =IF(AY$4<=PARAMETER!$X$2,SUMIF('2025'!$F:$F,$B32,'2025'!AX:AX)/PARAMETER!$T$3,"") | AZ32: =IF(AZ$4<=PARAMETER!$X$2,SUMIF('2025'!$F:$F,$B32,'2025'!AY:AY)/PARAMETER!$T$3,"") | BA32: =IF(BA$4<=PARAMETER!$X$2,SUMIF('2025'!$F:$F,$B32,'2025'!AZ:AZ)/PARAMETER!$T$3,"") | BB32: =IF(BB$4<=PARAMETER!$X$2,SUMIF('2025'!$F:$F,$B32,'2025'!BA:BA)/PARAMETER!$T$3,"") | BC32: =IF(BC$4<=PARAMETER!$X$2,SUMIF('2025'!$F:$F,$B32,'2025'!BB:BB)/PARAMETER!$T$3,"") | BD32: =IF(BD$4<=PARAMETER!$X$2,SUMIF('2025'!$F:$F,$B32,'2025'!BC:BC)/PARAMETER!$T$3,"") | BE32: =IF(BE$4<=PARAMETER!$X$2,SUMIF('2025'!$F:$F,$B32,'2025'!BD:BD)/PARAMETER!$T$3,"") | BF32: =IF(BF$4<=PARAMETER!$X$2,SUMIF('2025'!$F:$F,$B32,'2025'!BE:BE)/PARAMETER!$T$3,"") | BG32: =IF(BG$4<=PARAMETER!$X$2,SUMIF('2025'!$F:$F,$B32,'2025'!BF:BF)/PARAMETER!$T$3,"") | BH32: =IF(BH$4<=PARAMETER!$X$2,SUMIF('2025'!$F:$F,$B32,'2025'!BG:BG)/PARAMETER!$T$3,"") | BI32: =IF(BI$4<=PARAMETER!$X$2,SUMIF('2025'!$F:$F,$B32,'2025'!BH:BH)/PARAMETER!$T$3,"") | BJ32: =IF(BJ$4<=PARAMETER!$X$2,SUMIF('2025'!$F:$F,$B32,'2025'!BI:BI)/PARAMETER!$T$3,"")
A33: =A31 -> 5 | B33: =CONCATENATE(C33,PARAMETER!T$2) -> OPTIK MELAWAIVOL | C33: =C32 -> OPTIK MELAWAI | G33: =G29 -> 2024 | H33: =IF(H$4<=PARAMETER!$X$2,SUMIF('2024'!$F:$F,$B33,'2024'!G:G)/PARAMETER!$T$3,"") -> 14034.752 | I33: =IF(I$4<=PARAMETER!$X$2,SUMIF('2024'!$F:$F,$B33,'2024'!H:H)/PARAMETER!$T$3,"") -> 1678.2515 | J33: =IF(J$4<=PARAMETER!$X$2,SUMIF('2024'!$F:$F,$B33,'2024'!I:I)/PARAMETER!$T$3,"") -> 0.28 | K33: =IF(K$4<=PARAMETER!$X$2,SUMIF('2024'!$F:$F,$B33,'2024'!J:J)/PARAMETER!$T$3,"") -> 21.6595 | L33: =IF(L$4<=PARAMETER!$X$2,SUMIF('2024'!$F:$F,$B33,'2024'!K:K)/PARAMETER!$T$3,"") -> 83.73 | M33: =IF(M$4<=PARAMETER!$X$2,SUMIF('2024'!$F:$F,$B33,'2024'!L:L)/PARAMETER!$T$3,"") -> 164.5445 | N33: =IF(N$4<=PARAMETER!$X$2,SUMIF('2024'!$F:$F,$B33,'2024'!M:M)/PARAMETER!$T$3,"") -> 85.18 | O33: =IF(O$4<=PARAMETER!$X$2,SUMIF('2024'!$F:$F,$B33,'2024'!N:N)/PARAMETER!$T$3,"") -> 142.718 | P33: =IF(P$4<=PARAMETER!$X$2,SUMIF('2024'!$F:$F,$B33,'2024'!O:O)/PARAMETER!$T$3,"") -> 160.6265 | Q33: =IF(Q$4<=PARAMETER!$X$2,SUMIF('2024'!$F:$F,$B33,'2024'!P:P)/PARAMETER!$T$3,"") -> 165.7995 | R33: =IF(R$4<=PARAMETER!$X$2,SUMIF('2024'!$F:$F,$B33,'2024'!Q:Q)/PARAMETER!$T$3,"") -> 166.7455 | S33: =IF(S$4<=PARAMETER!$X$2,SUMIF('2024'!$F:$F,$B33,'2024'!R:R)/PARAMETER!$T$3,"") -> 215.468 | T33: =IF(T$4<=PARAMETER!$X$2,SUMIF('2024'!$F:$F,$B33,'2024'!S:S)/PARAMETER!$T$3,"") -> 271.1845 | U33: =IF(U$4<=PARAMETER!$X$2,SUMIF('2024'!$F:$F,$B33,'2024'!T:T)/PARAMETER!$T$3,"") -> 200.3155 | V33: =IF(V$4<=PARAMETER!$X$2,SUMIF('2024'!$F:$F,$B33,'2024'!U:U)/PARAMETER!$T$3,"") | W33: =IF(W$4<=PARAMETER!$X$2,SUMIF('2024'!$F:$F,$B33,'2024'!V:V)/PARAMETER!$T$3,"") | X33: =IF(X$4<=PARAMETER!$X$2,SUMIF('2024'!$F:$F,$B33,'2024'!W:W)/PARAMETER!$T$3,"") | Y33: =IF(Y$4<=PARAMETER!$X$2,SUMIF('2024'!$F:$F,$B33,'2024'!X:X)/PARAMETER!$T$3,"") | Z33: =IF(Z$4<=PARAMETER!$X$2,SUMIF('2024'!$F:$F,$B33,'2024'!Y:Y)/PARAMETER!$T$3,"") | AA33: =IF(AA$4<=PARAMETER!$X$2,SUMIF('2024'!$F:$F,$B33,'2024'!Z:Z)/PARAMETER!$T$3,"") | AB33: =IF(AB$4<=PARAMETER!$X$2,SUMIF('2024'!$F:$F,$B33,'2024'!AA:AA)/PARAMETER!$T$3,"") | AC33: =IF(AC$4<=PARAMETER!$X$2,SUMIF('2024'!$F:$F,$B33,'2024'!AB:AB)/PARAMETER!$T$3,"") | AD33: =IF(AD$4<=PARAMETER!$X$2,SUMIF('2024'!$F:$F,$B33,'2024'!AC:AC)/PARAMETER!$T$3,"") | AE33: =IF(AE$4<=PARAMETER!$X$2,SUMIF('2024'!$F:$F,$B33,'2024'!AD:AD)/PARAMETER!$T$3,"") | AF33: =IF(AF$4<=PARAMETER!$X$2,SUMIF('2024'!$F:$F,$B33,'2024'!AE:AE)/PARAMETER!$T$3,"") | AG33: =IF(AG$4<=PARAMETER!$X$2,SUMIF('2024'!$F:$F,$B33,'2024'!AF:AF)/PARAMETER!$T$3,"") | AH33: =IF(AH$4<=PARAMETER!$X$2,SUMIF('2024'!$F:$F,$B33,'2024'!AG:AG)/PARAMETER!$T$3,"") | AI33: =IF(AI$4<=PARAMETER!$X$2,SUMIF('2024'!$F:$F,$B33,'2024'!AH:AH)/PARAMETER!$T$3,"") | AJ33: =IF(AJ$4<=PARAMETER!$X$2,SUMIF('2024'!$F:$F,$B33,'2024'!AI:AI)/PARAMETER!$T$3,"") | AK33: =IF(AK$4<=PARAMETER!$X$2,SUMIF('2024'!$F:$F,$B33,'2024'!AJ:AJ)/PARAMETER!$T$3,"") | AL33: =IF(AL$4<=PARAMETER!$X$2,SUMIF('2024'!$F:$F,$B33,'2024'!AK:AK)/PARAMETER!$T$3,"") | AM33: =IF(AM$4<=PARAMETER!$X$2,SUMIF('2024'!$F:$F,$B33,'2024'!AL:AL)/PARAMETER!$T$3,"") | AN33: =IF(AN$4<=PARAMETER!$X$2,SUMIF('2024'!$F:$F,$B33,'2024'!AM:AM)/PARAMETER!$T$3,"") | AO33: =IF(AO$4<=PARAMETER!$X$2,SUMIF('2024'!$F:$F,$B33,'2024'!AN:AN)/PARAMETER!$T$3,"") | AP33: =IF(AP$4<=PARAMETER!$X$2,SUMIF('2024'!$F:$F,$B33,'2024'!AO:AO)/PARAMETER!$T$3,"") | AQ33: =IF(AQ$4<=PARAMETER!$X$2,SUMIF('2024'!$F:$F,$B33,'2024'!AP:AP)/PARAMETER!$T$3,"") | AR33: =IF(AR$4<=PARAMETER!$X$2,SUMIF('2024'!$F:$F,$B33,'2024'!AQ:AQ)/PARAMETER!$T$3,"") | AS33: =IF(AS$4<=PARAMETER!$X$2,SUMIF('2024'!$F:$F,$B33,'2024'!AR:AR)/PARAMETER!$T$3,"") | AT33: =IF(AT$4<=PARAMETER!$X$2,SUMIF('2024'!$F:$F,$B33,'2024'!AS:AS)/PARAMETER!$T$3,"") | AU33: =IF(AU$4<=PARAMETER!$X$2,SUMIF('2024'!$F:$F,$B33,'2024'!AT:AT)/PARAMETER!$T$3,"") | AV33: =IF(AV$4<=PARAMETER!$X$2,SUMIF('2024'!$F:$F,$B33,'2024'!AU:AU)/PARAMETER!$T$3,"") | AW33: =IF(AW$4<=PARAMETER!$X$2,SUMIF('2024'!$F:$F,$B33,'2024'!AV:AV)/PARAMETER!$T$3,"") | AX33: =IF(AX$4<=PARAMETER!$X$2,SUMIF('2024'!$F:$F,$B33,'2024'!AW:AW)/PARAMETER!$T$3,"") | AY33: =IF(AY$4<=PARAMETER!$X$2,SUMIF('2024'!$F:$F,$B33,'2024'!AX:AX)/PARAMETER!$T$3,"") | AZ33: =IF(AZ$4<=PARAMETER!$X$2,SUMIF('2024'!$F:$F,$B33,'2024'!AY:AY)/PARAMETER!$T$3,"") | BA33: =IF(BA$4<=PARAMETER!$X$2,SUMIF('2024'!$F:$F,$B33,'2024'!AZ:AZ)/PARAMETER!$T$3,"") | BB33: =IF(BB$4<=PARAMETER!$X$2,SUMIF('2024'!$F:$F,$B33,'2024'!BA:BA)/PARAMETER!$T$3,"") | BC33: =IF(BC$4<=PARAMETER!$X$2,SUMIF('2024'!$F:$F,$B33,'2024'!BB:BB)/PARAMETER!$T$3,"") | BD33: =IF(BD$4<=PARAMETER!$X$2,SUMIF('2024'!$F:$F,$B33,'2024'!BC:BC)/PARAMETER!$T$3,"") | BE33: =IF(BE$4<=PARAMETER!$X$2,SUMIF('2024'!$F:$F,$B33,'2024'!BD:BD)/PARAMETER!$T$3,"") | BF33: =IF(BF$4<=PARAMETER!$X$2,SUMIF('2024'!$F:$F,$B33,'2024'!BE:BE)/PARAMETER!$T$3,"") | BG33: =IF(BG$4<=PARAMETER!$X$2,SUMIF('2024'!$F:$F,$B33,'2024'!BF:BF)/PARAMETER!$T$3,"") | BH33: =IF(BH$4<=PARAMETER!$X$2,SUMIF('2024'!$F:$F,$B33,'2024'!BG:BG)/PARAMETER!$T$3,"") | BI33: =IF(BI$4<=PARAMETER!$X$2,SUMIF('2024'!$F:$F,$B33,'2024'!BH:BH)/PARAMETER!$T$3,"") | BJ33: =IF(BJ$4<=PARAMETER!$X$2,SUMIF('2024'!$F:$F,$B33,'2024'!BI:BI)/PARAMETER!$T$3,"")
A34: 6 | B34: =CONCATENATE(C34,PARAMETER!T$2) -> PATRA JASAVOL | C34: =IFERROR(VLOOKUP(A34,PARAMETER!K$2:M42,3,0),"") -> PATRA JASA | D34: Ach (%) | E34: =IFERROR(I35/I34,"") -> 0.12998949 | F34: =IFERROR(IF(E34>300%,300%,E34),"") -> 0.12998949 | G34: =G30 -> Target | H34: =IF(H$4<=PARAMETER!$X$2,SUMIF('2026 T'!$F:$F,$B34,'2026 T'!G:G)/PARAMETER!$T$3,"") -> 1100 | I34: =IF(I$4<=PARAMETER!$X$2,SUMIF('2026 T'!$F:$F,$B34,'2026 T'!H:H)/PARAMETER!$T$3,"") -> 192.32324 | J34: =IF(J$4<=PARAMETER!$X$2,SUMIF('2026 T'!$F:$F,$B34,'2026 T'!I:I)/PARAMETER!$T$3,"") -> 0 | K34: =IF(K$4<=PARAMETER!$X$2,SUMIF('2026 T'!$F:$F,$B34,'2026 T'!J:J)/PARAMETER!$T$3,"") -> 0 | L34: =IF(L$4<=PARAMETER!$X$2,SUMIF('2026 T'!$F:$F,$B34,'2026 T'!K:K)/PARAMETER!$T$3,"") -> 0 | M34: =IF(M$4<=PARAMETER!$X$2,SUMIF('2026 T'!$F:$F,$B34,'2026 T'!L:L)/PARAMETER!$T$3,"") -> 0 | N34: =IF(N$4<=PARAMETER!$X$2,SUMIF('2026 T'!$F:$F,$B34,'2026 T'!M:M)/PARAMETER!$T$3,"") -> 0 | O34: =IF(O$4<=PARAMETER!$X$2,SUMIF('2026 T'!$F:$F,$B34,'2026 T'!N:N)/PARAMETER!$T$3,"") -> 0 | P34: =IF(P$4<=PARAMETER!$X$2,SUMIF('2026 T'!$F:$F,$B34,'2026 T'!O:O)/PARAMETER!$T$3,"") -> 118.35276 | Q34: =IF(Q$4<=PARAMETER!$X$2,SUMIF('2026 T'!$F:$F,$B34,'2026 T'!P:P)/PARAMETER!$T$3,"") -> 0 | R34: =IF(R$4<=PARAMETER!$X$2,SUMIF('2026 T'!$F:$F,$B34,'2026 T'!Q:Q)/PARAMETER!$T$3,"") -> 73.970478 | S34: =IF(S$4<=PARAMETER!$X$2,SUMIF('2026 T'!$F:$F,$B34,'2026 T'!R:R)/PARAMETER!$T$3,"") -> 0 | T34: =IF(T$4<=PARAMETER!$X$2,SUMIF('2026 T'!$F:$F,$B34,'2026 T'!S:S)/PARAMETER!$T$3,"") -> 0 | U34: =IF(U$4<=PARAMETER!$X$2,SUMIF('2026 T'!$F:$F,$B34,'2026 T'!T:T)/PARAMETER!$T$3,"") -> 0 | V34: =IF(V$4<=PARAMETER!$X$2,SUMIF('2026 T'!$F:$F,$B34,'2026 T'!U:U)/PARAMETER!$T$3,"") | W34: =IF(W$4<=PARAMETER!$X$2,SUMIF('2026 T'!$F:$F,$B34,'2026 T'!V:V)/PARAMETER!$T$3,"") | X34: =IF(X$4<=PARAMETER!$X$2,SUMIF('2026 T'!$F:$F,$B34,'2026 T'!W:W)/PARAMETER!$T$3,"") | Y34: =IF(Y$4<=PARAMETER!$X$2,SUMIF('2026 T'!$F:$F,$B34,'2026 T'!X:X)/PARAMETER!$T$3,"") | Z34: =IF(Z$4<=PARAMETER!$X$2,SUMIF('2026 T'!$F:$F,$B34,'2026 T'!Y:Y)/PARAMETER!$T$3,"") | AA34: =IF(AA$4<=PARAMETER!$X$2,SUMIF('2026 T'!$F:$F,$B34,'2026 T'!Z:Z)/PARAMETER!$T$3,"") | AB34: =IF(AB$4<=PARAMETER!$X$2,SUMIF('2026 T'!$F:$F,$B34,'2026 T'!AA:AA)/PARAMETER!$T$3,"") | AC34: =IF(AC$4<=PARAMETER!$X$2,SUMIF('2026 T'!$F:$F,$B34,'2026 T'!AB:AB)/PARAMETER!$T$3,"") | AD34: =IF(AD$4<=PARAMETER!$X$2,SUMIF('2026 T'!$F:$F,$B34,'2026 T'!AC:AC)/PARAMETER!$T$3,"") | AE34: =IF(AE$4<=PARAMETER!$X$2,SUMIF('2026 T'!$F:$F,$B34,'2026 T'!AD:AD)/PARAMETER!$T$3,"") | AF34: =IF(AF$4<=PARAMETER!$X$2,SUMIF('2026 T'!$F:$F,$B34,'2026 T'!AE:AE)/PARAMETER!$T$3,"") | AG34: =IF(AG$4<=PARAMETER!$X$2,SUMIF('2026 T'!$F:$F,$B34,'2026 T'!AF:AF)/PARAMETER!$T$3,"") | AH34: =IF(AH$4<=PARAMETER!$X$2,SUMIF('2026 T'!$F:$F,$B34,'2026 T'!AG:AG)/PARAMETER!$T$3,"") | AI34: =IF(AI$4<=PARAMETER!$X$2,SUMIF('2026 T'!$F:$F,$B34,'2026 T'!AH:AH)/PARAMETER!$T$3,"") | AJ34: =IF(AJ$4<=PARAMETER!$X$2,SUMIF('2026 T'!$F:$F,$B34,'2026 T'!AI:AI)/PARAMETER!$T$3,"") | AK34: =IF(AK$4<=PARAMETER!$X$2,SUMIF('2026 T'!$F:$F,$B34,'2026 T'!AJ:AJ)/PARAMETER!$T$3,"") | AL34: =IF(AL$4<=PARAMETER!$X$2,SUMIF('2026 T'!$F:$F,$B34,'2026 T'!AK:AK)/PARAMETER!$T$3,"") | AM34: =IF(AM$4<=PARAMETER!$X$2,SUMIF('2026 T'!$F:$F,$B34,'2026 T'!AL:AL)/PARAMETER!$T$3,"") | AN34: =IF(AN$4<=PARAMETER!$X$2,SUMIF('2026 T'!$F:$F,$B34,'2026 T'!AM:AM)/PARAMETER!$T$3,"") | AO34: =IF(AO$4<=PARAMETER!$X$2,SUMIF('2026 T'!$F:$F,$B34,'2026 T'!AN:AN)/PARAMETER!$T$3,"") | AP34: =IF(AP$4<=PARAMETER!$X$2,SUMIF('2026 T'!$F:$F,$B34,'2026 T'!AO:AO)/PARAMETER!$T$3,"") | AQ34: =IF(AQ$4<=PARAMETER!$X$2,SUMIF('2026 T'!$F:$F,$B34,'2026 T'!AP:AP)/PARAMETER!$T$3,"") | AR34: =IF(AR$4<=PARAMETER!$X$2,SUMIF('2026 T'!$F:$F,$B34,'2026 T'!AQ:AQ)/PARAMETER!$T$3,"") | AS34: =IF(AS$4<=PARAMETER!$X$2,SUMIF('2026 T'!$F:$F,$B34,'2026 T'!AR:AR)/PARAMETER!$T$3,"") | AT34: =IF(AT$4<=PARAMETER!$X$2,SUMIF('2026 T'!$F:$F,$B34,'2026 T'!AS:AS)/PARAMETER!$T$3,"") | AU34: =IF(AU$4<=PARAMETER!$X$2,SUMIF('2026 T'!$F:$F,$B34,'2026 T'!AT:AT)/PARAMETER!$T$3,"") | AV34: =IF(AV$4<=PARAMETER!$X$2,SUMIF('2026 T'!$F:$F,$B34,'2026 T'!AU:AU)/PARAMETER!$T$3,"") | AW34: =IF(AW$4<=PARAMETER!$X$2,SUMIF('2026 T'!$F:$F,$B34,'2026 T'!AV:AV)/PARAMETER!$T$3,"") | AX34: =IF(AX$4<=PARAMETER!$X$2,SUMIF('2026 T'!$F:$F,$B34,'2026 T'!AW:AW)/PARAMETER!$T$3,"") | AY34: =IF(AY$4<=PARAMETER!$X$2,SUMIF('2026 T'!$F:$F,$B34,'2026 T'!AX:AX)/PARAMETER!$T$3,"") | AZ34: =IF(AZ$4<=PARAMETER!$X$2,SUMIF('2026 T'!$F:$F,$B34,'2026 T'!AY:AY)/PARAMETER!$T$3,"") | BA34: =IF(BA$4<=PARAMETER!$X$2,SUMIF('2026 T'!$F:$F,$B34,'2026 T'!AZ:AZ)/PARAMETER!$T$3,"") | BB34: =IF(BB$4<=PARAMETER!$X$2,SUMIF('2026 T'!$F:$F,$B34,'2026 T'!BA:BA)/PARAMETER!$T$3,"") | BC34: =IF(BC$4<=PARAMETER!$X$2,SUMIF('2026 T'!$F:$F,$B34,'2026 T'!BB:BB)/PARAMETER!$T$3,"") | BD34: =IF(BD$4<=PARAMETER!$X$2,SUMIF('2026 T'!$F:$F,$B34,'2026 T'!BC:BC)/PARAMETER!$T$3,"") | BE34: =IF(BE$4<=PARAMETER!$X$2,SUMIF('2026 T'!$F:$F,$B34,'2026 T'!BD:BD)/PARAMETER!$T$3,"") | BF34: =IF(BF$4<=PARAMETER!$X$2,SUMIF('2026 T'!$F:$F,$B34,'2026 T'!BE:BE)/PARAMETER!$T$3,"") | BG34: =IF(BG$4<=PARAMETER!$X$2,SUMIF('2026 T'!$F:$F,$B34,'2026 T'!BF:BF)/PARAMETER!$T$3,"") | BH34: =IF(BH$4<=PARAMETER!$X$2,SUMIF('2026 T'!$F:$F,$B34,'2026 T'!BG:BG)/PARAMETER!$T$3,"") | BI34: =IF(BI$4<=PARAMETER!$X$2,SUMIF('2026 T'!$F:$F,$B34,'2026 T'!BH:BH)/PARAMETER!$T$3,"") | BJ34: =IF(BJ$4<=PARAMETER!$X$2,SUMIF('2026 T'!$F:$F,$B34,'2026 T'!BI:BI)/PARAMETER!$T$3,"")
A35: =A34 -> 6 | B35: =CONCATENATE(C35,PARAMETER!T$2) -> PATRA JASAVOL | C35: =C34 -> PATRA JASA | D35: YoY (%) | E35: =IFERROR(I35/I36-1,"") -> 5.4102564 | F35: =IFERROR(IF(E35>300%,300%,E35),"") -> 3 | G35: =G31 -> 2026 | H35: =IF(H$4<=PARAMETER!$X$2,SUMIF('2026'!$F:$F,$B35,'2026'!G:G)/PARAMETER!$T$3,"") -> 3268.2947 | I35: =IF(I$4<=PARAMETER!$X$2,SUMIF('2026'!$F:$F,$B35,'2026'!H:H)/PARAMETER!$T$3,"") -> 25 | J35: =IF(J$4<=PARAMETER!$X$2,SUMIF('2026'!$F:$F,$B35,'2026'!I:I)/PARAMETER!$T$3,"") -> 0 | K35: =IF(K$4<=PARAMETER!$X$2,SUMIF('2026'!$F:$F,$B35,'2026'!J:J)/PARAMETER!$T$3,"") -> 0 | L35: =IF(L$4<=PARAMETER!$X$2,SUMIF('2026'!$F:$F,$B35,'2026'!K:K)/PARAMETER!$T$3,"") -> 0 | M35: =IF(M$4<=PARAMETER!$X$2,SUMIF('2026'!$F:$F,$B35,'2026'!L:L)/PARAMETER!$T$3,"") -> 0 | N35: =IF(N$4<=PARAMETER!$X$2,SUMIF('2026'!$F:$F,$B35,'2026'!M:M)/PARAMETER!$T$3,"") -> 0 | O35: =IF(O$4<=PARAMETER!$X$2,SUMIF('2026'!$F:$F,$B35,'2026'!N:N)/PARAMETER!$T$3,"") -> 0 | P35: =IF(P$4<=PARAMETER!$X$2,SUMIF('2026'!$F:$F,$B35,'2026'!O:O)/PARAMETER!$T$3,"") -> 0 | Q35: =IF(Q$4<=PARAMETER!$X$2,SUMIF('2026'!$F:$F,$B35,'2026'!P:P)/PARAMETER!$T$3,"") -> 0 | R35: =IF(R$4<=PARAMETER!$X$2,SUMIF('2026'!$F:$F,$B35,'2026'!Q:Q)/PARAMETER!$T$3,"") -> 0 | S35: =IF(S$4<=PARAMETER!$X$2,SUMIF('2026'!$F:$F,$B35,'2026'!R:R)/PARAMETER!$T$3,"") -> 0 | T35: =IF(T$4<=PARAMETER!$X$2,SUMIF('2026'!$F:$F,$B35,'2026'!S:S)/PARAMETER!$T$3,"") -> 25 | U35: =IF(U$4<=PARAMETER!$X$2,SUMIF('2026'!$F:$F,$B35,'2026'!T:T)/PARAMETER!$T$3,"") -> 0 | V35: =IF(V$4<=PARAMETER!$X$2,SUMIF('2026'!$F:$F,$B35,'2026'!U:U)/PARAMETER!$T$3,"") | W35: =IF(W$4<=PARAMETER!$X$2,SUMIF('2026'!$F:$F,$B35,'2026'!V:V)/PARAMETER!$T$3,"") | X35: =IF(X$4<=PARAMETER!$X$2,SUMIF('2026'!$F:$F,$B35,'2026'!W:W)/PARAMETER!$T$3,"") | Y35: =IF(Y$4<=PARAMETER!$X$2,SUMIF('2026'!$F:$F,$B35,'2026'!X:X)/PARAMETER!$T$3,"") | Z35: =IF(Z$4<=PARAMETER!$X$2,SUMIF('2026'!$F:$F,$B35,'2026'!Y:Y)/PARAMETER!$T$3,"") | AA35: =IF(AA$4<=PARAMETER!$X$2,SUMIF('2026'!$F:$F,$B35,'2026'!Z:Z)/PARAMETER!$T$3,"") | AB35: =IF(AB$4<=PARAMETER!$X$2,SUMIF('2026'!$F:$F,$B35,'2026'!AA:AA)/PARAMETER!$T$3,"") | AC35: =IF(AC$4<=PARAMETER!$X$2,SUMIF('2026'!$F:$F,$B35,'2026'!AB:AB)/PARAMETER!$T$3,"") | AD35: =IF(AD$4<=PARAMETER!$X$2,SUMIF('2026'!$F:$F,$B35,'2026'!AC:AC)/PARAMETER!$T$3,"") | AE35: =IF(AE$4<=PARAMETER!$X$2,SUMIF('2026'!$F:$F,$B35,'2026'!AD:AD)/PARAMETER!$T$3,"") | AF35: =IF(AF$4<=PARAMETER!$X$2,SUMIF('2026'!$F:$F,$B35,'2026'!AE:AE)/PARAMETER!$T$3,"") | AG35: =IF(AG$4<=PARAMETER!$X$2,SUMIF('2026'!$F:$F,$B35,'2026'!AF:AF)/PARAMETER!$T$3,"") | AH35: =IF(AH$4<=PARAMETER!$X$2,SUMIF('2026'!$F:$F,$B35,'2026'!AG:AG)/PARAMETER!$T$3,"") | AI35: =IF(AI$4<=PARAMETER!$X$2,SUMIF('2026'!$F:$F,$B35,'2026'!AH:AH)/PARAMETER!$T$3,"") | AJ35: =IF(AJ$4<=PARAMETER!$X$2,SUMIF('2026'!$F:$F,$B35,'2026'!AI:AI)/PARAMETER!$T$3,"") | AK35: =IF(AK$4<=PARAMETER!$X$2,SUMIF('2026'!$F:$F,$B35,'2026'!AJ:AJ)/PARAMETER!$T$3,"") | AL35: =IF(AL$4<=PARAMETER!$X$2,SUMIF('2026'!$F:$F,$B35,'2026'!AK:AK)/PARAMETER!$T$3,"") | AM35: =IF(AM$4<=PARAMETER!$X$2,SUMIF('2026'!$F:$F,$B35,'2026'!AL:AL)/PARAMETER!$T$3,"") | AN35: =IF(AN$4<=PARAMETER!$X$2,SUMIF('2026'!$F:$F,$B35,'2026'!AM:AM)/PARAMETER!$T$3,"") | AO35: =IF(AO$4<=PARAMETER!$X$2,SUMIF('2026'!$F:$F,$B35,'2026'!AN:AN)/PARAMETER!$T$3,"") | AP35: =IF(AP$4<=PARAMETER!$X$2,SUMIF('2026'!$F:$F,$B35,'2026'!AO:AO)/PARAMETER!$T$3,"") | AQ35: =IF(AQ$4<=PARAMETER!$X$2,SUMIF('2026'!$F:$F,$B35,'2026'!AP:AP)/PARAMETER!$T$3,"") | AR35: =IF(AR$4<=PARAMETER!$X$2,SUMIF('2026'!$F:$F,$B35,'2026'!AQ:AQ)/PARAMETER!$T$3,"") | AS35: =IF(AS$4<=PARAMETER!$X$2,SUMIF('2026'!$F:$F,$B35,'2026'!AR:AR)/PARAMETER!$T$3,"") | AT35: =IF(AT$4<=PARAMETER!$X$2,SUMIF('2026'!$F:$F,$B35,'2026'!AS:AS)/PARAMETER!$T$3,"") | AU35: =IF(AU$4<=PARAMETER!$X$2,SUMIF('2026'!$F:$F,$B35,'2026'!AT:AT)/PARAMETER!$T$3,"") | AV35: =IF(AV$4<=PARAMETER!$X$2,SUMIF('2026'!$F:$F,$B35,'2026'!AU:AU)/PARAMETER!$T$3,"") | AW35: =IF(AW$4<=PARAMETER!$X$2,SUMIF('2026'!$F:$F,$B35,'2026'!AV:AV)/PARAMETER!$T$3,"") | AX35: =IF(AX$4<=PARAMETER!$X$2,SUMIF('2026'!$F:$F,$B35,'2026'!AW:AW)/PARAMETER!$T$3,"") | AY35: =IF(AY$4<=PARAMETER!$X$2,SUMIF('2026'!$F:$F,$B35,'2026'!AX:AX)/PARAMETER!$T$3,"") | AZ35: =IF(AZ$4<=PARAMETER!$X$2,SUMIF('2026'!$F:$F,$B35,'2026'!AY:AY)/PARAMETER!$T$3,"") | BA35: =IF(BA$4<=PARAMETER!$X$2,SUMIF('2026'!$F:$F,$B35,'2026'!AZ:AZ)/PARAMETER!$T$3,"") | BB35: =IF(BB$4<=PARAMETER!$X$2,SUMIF('2026'!$F:$F,$B35,'2026'!BA:BA)/PARAMETER!$T$3,"") | BC35: =IF(BC$4<=PARAMETER!$X$2,SUMIF('2026'!$F:$F,$B35,'2026'!BB:BB)/PARAMETER!$T$3,"") | BD35: =IF(BD$4<=PARAMETER!$X$2,SUMIF('2026'!$F:$F,$B35,'2026'!BC:BC)/PARAMETER!$T$3,"") | BE35: =IF(BE$4<=PARAMETER!$X$2,SUMIF('2026'!$F:$F,$B35,'2026'!BD:BD)/PARAMETER!$T$3,"") | BF35: =IF(BF$4<=PARAMETER!$X$2,SUMIF('2026'!$F:$F,$B35,'2026'!BE:BE)/PARAMETER!$T$3,"") | BG35: =IF(BG$4<=PARAMETER!$X$2,SUMIF('2026'!$F:$F,$B35,'2026'!BF:BF)/PARAMETER!$T$3,"") | BH35: =IF(BH$4<=PARAMETER!$X$2,SUMIF('2026'!$F:$F,$B35,'2026'!BG:BG)/PARAMETER!$T$3,"") | BI35: =IF(BI$4<=PARAMETER!$X$2,SUMIF('2026'!$F:$F,$B35,'2026'!BH:BH)/PARAMETER!$T$3,"") | BJ35: =IF(BJ$4<=PARAMETER!$X$2,SUMIF('2026'!$F:$F,$B35,'2026'!BI:BI)/PARAMETER!$T$3,"")
A36: =A35 -> 6 | B36: =CONCATENATE(C36,PARAMETER!T$2) -> PATRA JASAVOL | C36: =C35 -> PATRA JASA | D36: YoY (%) | E36: =IFERROR(I36/I37-1,"") -> 1.2941176 | F36: =IFERROR(IF(E36>300%,300%,E36),"") -> 1.2941176 | G36: =G32 -> 2025 | H36: =IF(H$4<=PARAMETER!$X$2,SUMIF('2025'!$F:$F,$B36,'2025'!G:G)/PARAMETER!$T$3,"") -> 30.519714 | I36: =IF(I$4<=PARAMETER!$X$2,SUMIF('2025'!$F:$F,$B36,'2025'!H:H)/PARAMETER!$T$3,"") -> 3.9 | J36: =IF(J$4<=PARAMETER!$X$2,SUMIF('2025'!$F:$F,$B36,'2025'!I:I)/PARAMETER!$T$3,"") -> 0 | K36: =IF(K$4<=PARAMETER!$X$2,SUMIF('2025'!$F:$F,$B36,'2025'!J:J)/PARAMETER!$T$3,"") -> 0 | L36: =IF(L$4<=PARAMETER!$X$2,SUMIF('2025'!$F:$F,$B36,'2025'!K:K)/PARAMETER!$T$3,"") -> 0 | M36: =IF(M$4<=PARAMETER!$X$2,SUMIF('2025'!$F:$F,$B36,'2025'!L:L)/PARAMETER!$T$3,"") -> 0 | N36: =IF(N$4<=PARAMETER!$X$2,SUMIF('2025'!$F:$F,$B36,'2025'!M:M)/PARAMETER!$T$3,"") -> 0 | O36: =IF(O$4<=PARAMETER!$X$2,SUMIF('2025'!$F:$F,$B36,'2025'!N:N)/PARAMETER!$T$3,"") -> 0 | P36: =IF(P$4<=PARAMETER!$X$2,SUMIF('2025'!$F:$F,$B36,'2025'!O:O)/PARAMETER!$T$3,"") -> 2.4 | Q36: =IF(Q$4<=PARAMETER!$X$2,SUMIF('2025'!$F:$F,$B36,'2025'!P:P)/PARAMETER!$T$3,"") -> 0 | R36: =IF(R$4<=PARAMETER!$X$2,SUMIF('2025'!$F:$F,$B36,'2025'!Q:Q)/PARAMETER!$T$3,"") -> 1.5 | S36: =IF(S$4<=PARAMETER!$X$2,SUMIF('2025'!$F:$F,$B36,'2025'!R:R)/PARAMETER!$T$3,"") -> 0 | T36: =IF(T$4<=PARAMETER!$X$2,SUMIF('2025'!$F:$F,$B36,'2025'!S:S)/PARAMETER!$T$3,"") -> 0 | U36: =IF(U$4<=PARAMETER!$X$2,SUMIF('2025'!$F:$F,$B36,'2025'!T:T)/PARAMETER!$T$3,"") -> 0 | V36: =IF(V$4<=PARAMETER!$X$2,SUMIF('2025'!$F:$F,$B36,'2025'!U:U)/PARAMETER!$T$3,"") | W36: =IF(W$4<=PARAMETER!$X$2,SUMIF('2025'!$F:$F,$B36,'2025'!V:V)/PARAMETER!$T$3,"") | X36: =IF(X$4<=PARAMETER!$X$2,SUMIF('2025'!$F:$F,$B36,'2025'!W:W)/PARAMETER!$T$3,"") | Y36: =IF(Y$4<=PARAMETER!$X$2,SUMIF('2025'!$F:$F,$B36,'2025'!X:X)/PARAMETER!$T$3,"") | Z36: =IF(Z$4<=PARAMETER!$X$2,SUMIF('2025'!$F:$F,$B36,'2025'!Y:Y)/PARAMETER!$T$3,"") | AA36: =IF(AA$4<=PARAMETER!$X$2,SUMIF('2025'!$F:$F,$B36,'2025'!Z:Z)/PARAMETER!$T$3,"") | AB36: =IF(AB$4<=PARAMETER!$X$2,SUMIF('2025'!$F:$F,$B36,'2025'!AA:AA)/PARAMETER!$T$3,"") | AC36: =IF(AC$4<=PARAMETER!$X$2,SUMIF('2025'!$F:$F,$B36,'2025'!AB:AB)/PARAMETER!$T$3,"") | AD36: =IF(AD$4<=PARAMETER!$X$2,SUMIF('2025'!$F:$F,$B36,'2025'!AC:AC)/PARAMETER!$T$3,"") | AE36: =IF(AE$4<=PARAMETER!$X$2,SUMIF('2025'!$F:$F,$B36,'2025'!AD:AD)/PARAMETER!$T$3,"") | AF36: =IF(AF$4<=PARAMETER!$X$2,SUMIF('2025'!$F:$F,$B36,'2025'!AE:AE)/PARAMETER!$T$3,"") | AG36: =IF(AG$4<=PARAMETER!$X$2,SUMIF('2025'!$F:$F,$B36,'2025'!AF:AF)/PARAMETER!$T$3,"") | AH36: =IF(AH$4<=PARAMETER!$X$2,SUMIF('2025'!$F:$F,$B36,'2025'!AG:AG)/PARAMETER!$T$3,"") | AI36: =IF(AI$4<=PARAMETER!$X$2,SUMIF('2025'!$F:$F,$B36,'2025'!AH:AH)/PARAMETER!$T$3,"") | AJ36: =IF(AJ$4<=PARAMETER!$X$2,SUMIF('2025'!$F:$F,$B36,'2025'!AI:AI)/PARAMETER!$T$3,"") | AK36: =IF(AK$4<=PARAMETER!$X$2,SUMIF('2025'!$F:$F,$B36,'2025'!AJ:AJ)/PARAMETER!$T$3,"") | AL36: =IF(AL$4<=PARAMETER!$X$2,SUMIF('2025'!$F:$F,$B36,'2025'!AK:AK)/PARAMETER!$T$3,"") | AM36: =IF(AM$4<=PARAMETER!$X$2,SUMIF('2025'!$F:$F,$B36,'2025'!AL:AL)/PARAMETER!$T$3,"") | AN36: =IF(AN$4<=PARAMETER!$X$2,SUMIF('2025'!$F:$F,$B36,'2025'!AM:AM)/PARAMETER!$T$3,"") | AO36: =IF(AO$4<=PARAMETER!$X$2,SUMIF('2025'!$F:$F,$B36,'2025'!AN:AN)/PARAMETER!$T$3,"") | AP36: =IF(AP$4<=PARAMETER!$X$2,SUMIF('2025'!$F:$F,$B36,'2025'!AO:AO)/PARAMETER!$T$3,"") | AQ36: =IF(AQ$4<=PARAMETER!$X$2,SUMIF('2025'!$F:$F,$B36,'2025'!AP:AP)/PARAMETER!$T$3,"") | AR36: =IF(AR$4<=PARAMETER!$X$2,SUMIF('2025'!$F:$F,$B36,'2025'!AQ:AQ)/PARAMETER!$T$3,"") | AS36: =IF(AS$4<=PARAMETER!$X$2,SUMIF('2025'!$F:$F,$B36,'2025'!AR:AR)/PARAMETER!$T$3,"") | AT36: =IF(AT$4<=PARAMETER!$X$2,SUMIF('2025'!$F:$F,$B36,'2025'!AS:AS)/PARAMETER!$T$3,"") | AU36: =IF(AU$4<=PARAMETER!$X$2,SUMIF('2025'!$F:$F,$B36,'2025'!AT:AT)/PARAMETER!$T$3,"") | AV36: =IF(AV$4<=PARAMETER!$X$2,SUMIF('2025'!$F:$F,$B36,'2025'!AU:AU)/PARAMETER!$T$3,"") | AW36: =IF(AW$4<=PARAMETER!$X$2,SUMIF('2025'!$F:$F,$B36,'2025'!AV:AV)/PARAMETER!$T$3,"") | AX36: =IF(AX$4<=PARAMETER!$X$2,SUMIF('2025'!$F:$F,$B36,'2025'!AW:AW)/PARAMETER!$T$3,"") | AY36: =IF(AY$4<=PARAMETER!$X$2,SUMIF('2025'!$F:$F,$B36,'2025'!AX:AX)/PARAMETER!$T$3,"") | AZ36: =IF(AZ$4<=PARAMETER!$X$2,SUMIF('2025'!$F:$F,$B36,'2025'!AY:AY)/PARAMETER!$T$3,"") | BA36: =IF(BA$4<=PARAMETER!$X$2,SUMIF('2025'!$F:$F,$B36,'2025'!AZ:AZ)/PARAMETER!$T$3,"") | BB36: =IF(BB$4<=PARAMETER!$X$2,SUMIF('2025'!$F:$F,$B36,'2025'!BA:BA)/PARAMETER!$T$3,"") | BC36: =IF(BC$4<=PARAMETER!$X$2,SUMIF('2025'!$F:$F,$B36,'2025'!BB:BB)/PARAMETER!$T$3,"") | BD36: =IF(BD$4<=PARAMETER!$X$2,SUMIF('2025'!$F:$F,$B36,'2025'!BC:BC)/PARAMETER!$T$3,"") | BE36: =IF(BE$4<=PARAMETER!$X$2,SUMIF('2025'!$F:$F,$B36,'2025'!BD:BD)/PARAMETER!$T$3,"") | BF36: =IF(BF$4<=PARAMETER!$X$2,SUMIF('2025'!$F:$F,$B36,'2025'!BE:BE)/PARAMETER!$T$3,"") | BG36: =IF(BG$4<=PARAMETER!$X$2,SUMIF('2025'!$F:$F,$B36,'2025'!BF:BF)/PARAMETER!$T$3,"") | BH36: =IF(BH$4<=PARAMETER!$X$2,SUMIF('2025'!$F:$F,$B36,'2025'!BG:BG)/PARAMETER!$T$3,"") | BI36: =IF(BI$4<=PARAMETER!$X$2,SUMIF('2025'!$F:$F,$B36,'2025'!BH:BH)/PARAMETER!$T$3,"") | BJ36: =IF(BJ$4<=PARAMETER!$X$2,SUMIF('2025'!$F:$F,$B36,'2025'!BI:BI)/PARAMETER!$T$3,"")
